{
	"themeName": "emopalace edit",
	"wallMaterial": "MARBLE POLISHED",
	"wallRoughness": 1,
	"wallMetallic": 0,
	"wallFullBright": 1,
	"wallTint":
	{
		"x": 0.20507873594760895,
		"y": 0.20507873594760895,
		"z": 0.19806931912899017
	},
	"wallTextureScale": 1,
	"floorMaterial": "GREY WOOD BOARD",
	"floorRoughness": 1,
	"floorMetallic": 1,
	"floorFullBright": 0.803505539894104,
	"floorTint":
	{
		"x": 0.5,
		"y": 0.5,
		"z": 0.5
	},
	"floorTextureScale": 1,
	"ceilingMaterial": "GREY WOOD BOARD",
	"ceilingRoughness": 1,
	"ceilingMetallic": 1,
	"ceilingFullBright": 0.80000001192092896,
	"ceilingTint":
	{
		"x": 0.5,
		"y": 0.5,
		"z": 0.5
	},
	"ceilingTextureScale": 1,
	"rampMaterial": "GREY WOOD BOARD",
	"rampRoughness": 1,
	"rampMetallic": 1,
	"rampFullBright": 0.80000001192092896,
	"rampTint":
	{
		"x": 0.5,
		"y": 0.5,
		"z": 0.5
	},
	"rampTextureScale": 1,
	"overrideEnemyHeadColor": false,
	"overrideEnemyBodyColor": true,
	"setEnemyBodyColorAsAttackColor": false,
	"enemyColorRoughness": 0.6600000262260437,
	"enemyColorMetallic": 0,
	"enemyColorFullBright": 1,
	"enemyHeadColor":
	{
		"x": 0.57758045196533203,
		"y": 0.57758045196533203,
		"z": 0.57758045196533203
	},
	"enemyHeadColorOnHit":
	{
		"x": 1,
		"y": 1,
		"z": 1
	},
	"enemyHeadColorOnLookAt":
	{
		"x": 0,
		"y": 0,
		"z": 0
	},
	"enemyBodyColor":
	{
		"x": 0.57758045196533203,
		"y": 0.57758045196533203,
		"z": 0.57758045196533203
	},
	"enemyBodyColorOnHit":
	{
		"x": 1,
		"y": 1,
		"z": 1
	},
	"enemyBodyColorOnLookAt":
	{
		"x": 0,
		"y": 0,
		"z": 0
	},
	"changeEnemyColorOnHit": false,
	"changeEnemyColorOnLookAt": false,
	"teamGlowUpHead": 0,
	"teamGlowUpBody": 0,
	"enemyGlowUpHead": 0,
	"enemyGlowUpBody": 5,
	"enemyGlowUpHeadOnHit": 0,
	"enemyGlowUpBodyOnHit": 0,
	"enemyGlowUpHeadOnLookAt": 0,
	"enemyGlowUpBodyOnLookAt": 0,
	"skyPresetId": 6,
	"cloudCoverId": 2,
	"solidSkyColor": false,
	"sunVisible": false,
	"skyColor":
	{
		"b": 129,
		"g": 133,
		"r": 173,
		"a": 255
	}
}