{
	"themeName": "pinkblusteel fixed",
	"wallMaterial": "GREY WOOD BOARD",
	"wallRoughness": 0.2199999988079071,
	"wallMetallic": 0.5,
	"wallFullBright": 0.5,
	"wallTint":
	{
		"x": 0.56471151113510132,
		"y": 0.62396037578582764,
		"z": 0.76052451133728027
	},
	"wallTextureScale": 1,
	"floorMaterial": "MARBLE POLISHED",
	"floorRoughness": 1,
	"floorMetallic": 1,
	"floorFullBright": 1,
	"floorTint":
	{
		"x": 0.10702310502529144,
		"y": 0.11953842639923096,
		"z": 0.18447498977184296
	},
	"floorTextureScale": 1,
	"ceilingMaterial": "MARBLE POLISHED",
	"ceilingRoughness": 1,
	"ceilingMetallic": 1,
	"ceilingFullBright": 1,
	"ceilingTint":
	{
		"x": 0.10702310502529144,
		"y": 0.11953842639923096,
		"z": 0.18447498977184296
	},
	"ceilingTextureScale": 1,
	"rampMaterial": "GREY WOOD BOARD",
	"rampRoughness": 0.2199999988079071,
	"rampMetallic": 0.5,
	"rampFullBright": 0.5,
	"rampTint":
	{
		"x": 0.56471151113510132,
		"y": 0.62396037578582764,
		"z": 0.76052451133728027
	},
	"rampTextureScale": 1,
	"overrideEnemyHeadColor": false,
	"overrideEnemyBodyColor": true,
	"setEnemyBodyColorAsAttackColor": false,
	"enemyColorRoughness": 0.69999998807907104,
	"enemyColorMetallic": 0,
	"enemyColorFullBright": 0.60000002384185791,
	"enemyHeadColor":
	{
		"x": 1,
		"y": 1,
		"z": 1
	},
	"enemyHeadColorOnHit":
	{
		"x": 1,
		"y": 1,
		"z": 1
	},
	"enemyHeadColorOnLookAt":
	{
		"x": 1,
		"y": 1,
		"z": 0
	},
	"enemyBodyColor":
	{
		"x": 1,
		"y": 1,
		"z": 1
	},
	"enemyBodyColorOnHit":
	{
		"x": 1,
		"y": 1,
		"z": 1
	},
	"enemyBodyColorOnLookAt":
	{
		"x": 1,
		"y": 0.7758222222328186,
		"z": 0
	},
	"changeEnemyColorOnHit": false,
	"changeEnemyColorOnLookAt": false,
	"teamGlowUpHead": 1,
	"teamGlowUpBody": 1,
	"enemyGlowUpHead": 1,
	"enemyGlowUpBody": 1,
	"enemyGlowUpHeadOnHit": 1,
	"enemyGlowUpBodyOnHit": 1,
	"enemyGlowUpHeadOnLookAt": 1,
	"enemyGlowUpBodyOnLookAt": 1000,
	"skyPresetId": 8,
	"cloudCoverId": 0,
	"solidSkyColor": false,
	"sunVisible": false,
	"skyColor":
	{
		"b": 140,
		"g": 119,
		"r": 109,
		"a": 255
	}
}