{
	"themeName": "!GrayStatic",
	"wallMaterial": "PURE COLOR",
	"wallRoughness": 0.75,
	"wallMetallic": 0.75,
	"wallFullBright": 0.38999998569488525,
	"wallTint":
	{
		"x": 0.45641103386878967,
		"y": 0.45641103386878967,
		"z": 0.45641103386878967
	},
	"wallTextureScale": 1,
	"floorMaterial": "PURE COLOR",
	"floorRoughness": 1,
	"floorMetallic": 1,
	"floorFullBright": 0.38615664839744568,
	"floorTint":
	{
		"x": 0.27889427542686462,
		"y": 0.27889427542686462,
		"z": 0.27889427542686462
	},
	"floorTextureScale": 1,
	"ceilingMaterial": "PURE COLOR",
	"ceilingRoughness": 0,
	"ceilingMetallic": 0,
	"ceilingFullBright": 0.59198540449142456,
	"ceilingTint":
	{
		"x": 0.27049779891967773,
		"y": 0.27049779891967773,
		"z": 0.30498731136322021
	},
	"ceilingTextureScale": 1,
	"rampMaterial": "PURE COLOR",
	"rampRoughness": 0.75,
	"rampMetallic": 0.75,
	"rampFullBright": 0.38999998569488525,
	"rampTint":
	{
		"x": 0.45641103386878967,
		"y": 0.45641103386878967,
		"z": 0.45641103386878967
	},
	"rampTextureScale": 1,
	"overrideEnemyHeadColor": true,
	"overrideEnemyBodyColor": true,
	"setEnemyBodyColorAsAttackColor": false,
	"enemyColorRoughness": 1,
	"enemyColorMetallic": 0,
	"enemyColorFullBright": 0,
	"enemyHeadColor":
	{
		"x": 0,
		"y": 0,
		"z": 0
	},
	"enemyHeadColorOnHit":
	{
		"x": 1,
		"y": 1,
		"z": 1
	},
	"enemyHeadColorOnLookAt":
	{
		"x": 1,
		"y": 1,
		"z": 0
	},
	"enemyBodyColor":
	{
		"x": 0,
		"y": 0,
		"z": 0
	},
	"enemyBodyColorOnHit":
	{
		"x": 1,
		"y": 1,
		"z": 1
	},
	"enemyBodyColorOnLookAt":
	{
		"x": 1,
		"y": 1,
		"z": 0
	},
	"changeEnemyColorOnHit": false,
	"changeEnemyColorOnLookAt": false,
	"teamGlowUpHead": 1,
	"teamGlowUpBody": 1,
	"enemyGlowUpHead": 1,
	"enemyGlowUpBody": 1,
	"enemyGlowUpHeadOnHit": 1,
	"enemyGlowUpBodyOnHit": 1,
	"enemyGlowUpHeadOnLookAt": 1,
	"enemyGlowUpBodyOnLookAt": 1,
	"skyPresetId": 0,
	"cloudCoverId": 5,
	"solidSkyColor": true,
	"sunVisible": false,
	"skyColor":
	{
		"b": 158,
		"g": 152,
		"r": 152,
		"a": 255
	}
}