{
	"themeName": "1check the statistacs",
	"wallMaterial": "PURE COLOR",
	"wallRoughness": 1,
	"wallMetallic": 0,
	"wallFullBright": 0.80000001192092896,
	"wallTint":
	{
		"x": 0.21223099529743195,
		"y": 0.21223099529743195,
		"z": 0.21223099529743195
	},
	"wallTextureScale": 1,
	"floorMaterial": "PURE COLOR",
	"floorRoughness": 1,
	"floorMetallic": 0,
	"floorFullBright": 0.30000001192092896,
	"floorTint":
	{
		"x": 0.21223099529743195,
		"y": 0.21223099529743195,
		"z": 0.21223099529743195
	},
	"floorTextureScale": 1,
	"ceilingMaterial": "PURE COLOR",
	"ceilingRoughness": 1,
	"ceilingMetallic": 1,
	"ceilingFullBright": 0.80000001192092896,
	"ceilingTint":
	{
		"x": 0.21223099529743195,
		"y": 0.21223099529743195,
		"z": 0.21223099529743195
	},
	"ceilingTextureScale": 1,
	"rampMaterial": "PURE COLOR",
	"rampRoughness": 1,
	"rampMetallic": 1,
	"rampFullBright": 0.80000001192092896,
	"rampTint":
	{
		"x": 0.21223099529743195,
		"y": 0.21223099529743195,
		"z": 0.21223099529743195
	},
	"rampTextureScale": 1,
	"overrideEnemyHeadColor": true,
	"overrideEnemyBodyColor": true,
	"setEnemyBodyColorAsAttackColor": false,
	"enemyColorRoughness": 0.23999999463558197,
	"enemyColorMetallic": 0.23999999463558197,
	"enemyColorFullBright": 0.23999999463558197,
	"enemyHeadColor":
	{
		"x": 0,
		"y": 0,
		"z": 0
	},
	"enemyHeadColorOnHit":
	{
		"x": 1,
		"y": 1,
		"z": 1
	},
	"enemyHeadColorOnLookAt":
	{
		"x": 1,
		"y": 1,
		"z": 0
	},
	"enemyBodyColor":
	{
		"x": 0,
		"y": 0,
		"z": 0
	},
	"enemyBodyColorOnHit":
	{
		"x": 1,
		"y": 1,
		"z": 1
	},
	"enemyBodyColorOnLookAt":
	{
		"x": 1,
		"y": 1,
		"z": 0
	},
	"changeEnemyColorOnHit": false,
	"changeEnemyColorOnLookAt": false,
	"teamGlowUpHead": 1,
	"teamGlowUpBody": 1,
	"enemyGlowUpHead": 1,
	"enemyGlowUpBody": 1,
	"enemyGlowUpHeadOnHit": 1,
	"enemyGlowUpBodyOnHit": 1,
	"enemyGlowUpHeadOnLookAt": 1,
	"enemyGlowUpBodyOnLookAt": 1,
	"skyPresetId": 8,
	"cloudCoverId": 4,
	"solidSkyColor": true,
	"sunVisible": false,
	"skyColor":
	{
		"b": 136,
		"g": 133,
		"r": 133,
		"a": 255
	}
}