{
	"themeName": "Almost Red",
	"wallMaterial": "DRYWALL",
	"wallRoughness": 0.87999999523162842,
	"wallMetallic": 1,
	"wallFullBright": 0.6600000262260437,
	"wallTint":
	{
		"x": 1,
		"y": 0.17144109308719635,
		"z": 0.17144109308719635
	},
	"floorMaterial": "DRYWALL",
	"floorRoughness": 1,
	"floorMetallic": 1,
	"floorFullBright": 0.33000001311302185,
	"floorTint":
	{
		"x": 1,
		"y": 0.17144109308719635,
		"z": 0.17144109308719635
	},
	"overrideEnemyHeadColor": true,
	"overrideEnemyBodyColor": true,
	"setEnemyBodyColorAsAttackColor": false,
	"enemyColorRoughness": 0.44999998807907104,
	"enemyColorMetallic": 1,
	"enemyColorFullBright": 0.70999997854232788,
	"enemyHeadColor":
	{
		"x": 1,
		"y": 0.72699999809265137,
		"z": 0
	},
	"enemyBodyColor":
	{
		"x": 1,
		"y": 0.7758222222328186,
		"z": 0.70110189914703369
	},
	"skyPresetId": 4,
	"cloudCoverId": 3,
	"solidSkyColor": false,
	"sunVisible": true,
	"skyColor":
	{
		"b": 255,
		"g": 255,
		"r": 255,
		"a": 255
	},
	"teamGlowUpHead": 1,
	"teamGlowUpBody": 1,
	"enemyGlowUpHead": 1,
	"enemyGlowUpBody": 1,
	"enemyGlowUpHeadOnHit": 1,
	"enemyGlowUpBodyOnHit": 1,
	"enemyGlowUpHeadOnLookAt": 1,
	"enemyGlowUpBodyOnLookAt": 1
}