{
	"themeName": "Best Theme Ong",
	"wallMaterial": "BRICK GREY",
	"wallRoughness": 0.54158967733383179,
	"wallMetallic": 1,
	"wallFullBright": 0,
	"wallTint":
	{
		"x": 0.366252601146698,
		"y": 0.366252601146698,
		"z": 0.366252601146698
	},
	"wallTextureScale": 1,
	"floorMaterial": "WOOD FLOOR WALNUT",
	"floorRoughness": 0.36598891019821167,
	"floorMetallic": 1,
	"floorFullBright": 0,
	"floorTint":
	{
		"x": 1,
		"y": 1,
		"z": 1
	},
	"floorTextureScale": 1,
	"ceilingMaterial": "WOOD FLOOR WALNUT",
	"ceilingRoughness": 0.36968576908111572,
	"ceilingMetallic": 1,
	"ceilingFullBright": 0,
	"ceilingTint":
	{
		"x": 1,
		"y": 1,
		"z": 1
	},
	"ceilingTextureScale": 1,
	"rampMaterial": "WOOD FLOOR WALNUT",
	"rampRoughness": 0,
	"rampMetallic": 0.83769631385803223,
	"rampFullBright": 0.20999999344348907,
	"rampTint":
	{
		"x": 1,
		"y": 1,
		"z": 1
	},
	"rampTextureScale": 1,
	"overrideEnemyHeadColor": true,
	"overrideEnemyBodyColor": true,
	"setEnemyBodyColorAsAttackColor": false,
	"enemyColorRoughness": 0.4584103524684906,
	"enemyColorMetallic": 1,
	"enemyColorFullBright": 0,
	"enemyHeadColor":
	{
		"x": 1,
		"y": 0.72699999809265137,
		"z": 0
	},
	"enemyHeadColorOnHit":
	{
		"x": 1,
		"y": 1,
		"z": 1
	},
	"enemyHeadColorOnLookAt":
	{
		"x": 1,
		"y": 1,
		"z": 0
	},
	"enemyBodyColor":
	{
		"x": 1,
		"y": 0.72699999809265137,
		"z": 0
	},
	"enemyBodyColorOnHit":
	{
		"x": 1,
		"y": 1,
		"z": 1
	},
	"enemyBodyColorOnLookAt":
	{
		"x": 1,
		"y": 1,
		"z": 0
	},
	"changeEnemyColorOnHit": false,
	"changeEnemyColorOnLookAt": false,
	"teamGlowUpHead": 1,
	"teamGlowUpBody": 1,
	"enemyGlowUpHead": 1,
	"enemyGlowUpBody": 1,
	"enemyGlowUpHeadOnHit": 1,
	"enemyGlowUpBodyOnHit": 1,
	"enemyGlowUpHeadOnLookAt": 1,
	"enemyGlowUpBodyOnLookAt": 1,
	"skyPresetId": 7,
	"cloudCoverId": 3,
	"solidSkyColor": false,
	"sunVisible": true,
	"skyColor":
	{
		"b": 255,
		"g": 255,
		"r": 255,
		"a": 255
	}
}