{
	"themeName": "DokkieConcreteWhite",
	"wallMaterial": "CONCRETE TILES",
	"wallRoughness": 1,
	"wallMetallic": 1,
	"wallFullBright": 0.75,
	"wallTint":
	{
		"x": 0.60382735729217529,
		"y": 0.60382735729217529,
		"z": 0.60382735729217529
	},
	"wallTextureScale": 1,
	"floorMaterial": "BRICK GREY",
	"floorRoughness": 1,
	"floorMetallic": 1,
	"floorFullBright": 0,
	"floorTint":
	{
		"x": 0.50288647413253784,
		"y": 0.55834037065505981,
		"z": 0.62396037578582764
	},
	"floorTextureScale": 2,
	"ceilingMaterial": "CONCRETE TILES",
	"ceilingRoughness": 1,
	"ceilingMetallic": 1,
	"ceilingFullBright": 0.5,
	"ceilingTint":
	{
		"x": 0.60382735729217529,
		"y": 0.60382735729217529,
		"z": 0.60382735729217529
	},
	"ceilingTextureScale": 3,
	"rampMaterial": "CONCRETE TILES",
	"rampRoughness": 1,
	"rampMetallic": 1,
	"rampFullBright": 0.75,
	"rampTint":
	{
		"x": 0.4969329833984375,
		"y": 0.4969329833984375,
		"z": 0.4969329833984375
	},
	"rampTextureScale": 3,
	"overrideEnemyHeadColor": true,
	"overrideEnemyBodyColor": true,
	"setEnemyBodyColorAsAttackColor": false,
	"enemyColorRoughness": 1,
	"enemyColorMetallic": 0.5,
	"enemyColorFullBright": 0.5,
	"enemyHeadColor":
	{
		"x": 0.85499262809753418,
		"y": 0.85499262809753418,
		"z": 0.85499262809753418
	},
	"enemyHeadColorOnHit":
	{
		"x": 1,
		"y": 1,
		"z": 1
	},
	"enemyHeadColorOnLookAt":
	{
		"x": 1,
		"y": 1,
		"z": 0
	},
	"enemyBodyColor":
	{
		"x": 0.85499262809753418,
		"y": 0.85499262809753418,
		"z": 0.85499262809753418
	},
	"enemyBodyColorOnHit":
	{
		"x": 1,
		"y": 1,
		"z": 1
	},
	"enemyBodyColorOnLookAt":
	{
		"x": 1,
		"y": 1,
		"z": 0
	},
	"changeEnemyColorOnHit": false,
	"changeEnemyColorOnLookAt": false,
	"teamGlowUpHead": 1,
	"teamGlowUpBody": 1,
	"enemyGlowUpHead": 1,
	"enemyGlowUpBody": 1,
	"enemyGlowUpHeadOnHit": 1,
	"enemyGlowUpBodyOnHit": 1,
	"enemyGlowUpHeadOnLookAt": 1,
	"enemyGlowUpBodyOnLookAt": 1,
	"skyPresetId": 3,
	"cloudCoverId": 3,
	"solidSkyColor": false,
	"sunVisible": false,
	"skyColor":
	{
		"b": 154,
		"g": 197,
		"r": 224,
		"a": 255
	}
}