{
	"themeName": "insane",
	"wallMaterial": "CONCRETE TILES",
	"wallRoughness": 0.30000001192092896,
	"wallMetallic": 0.44999998807907104,
	"wallFullBright": 0.40000000596046448,
	"wallTint":
	{
		"x": 0.5,
		"y": 0.5,
		"z": 0.5
	},
	"floorMaterial": "CONCRETE TILES",
	"floorRoughness": 0.12999999523162842,
	"floorMetallic": 0,
	"floorFullBright": 0.30000001192092896,
	"floorTint":
	{
		"x": 0.5,
		"y": 0.5,
		"z": 0.5
	},
	"overrideEnemyHeadColor": true,
	"overrideEnemyBodyColor": true,
	"setEnemyBodyColorAsAttackColor": false,
	"enemyColorRoughness": 1,
	"enemyColorMetallic": 1,
	"enemyColorFullBright": 0.89999997615814209,
	"enemyHeadColor":
	{
		"x": 1,
		"y": 1,
		"z": 1
	},
	"enemyBodyColor":
	{
		"x": 1,
		"y": 1,
		"z": 1
	},
	"skyPresetId": 8,
	"cloudCoverId": 4,
	"solidSkyColor": false,
	"sunVisible": false,
	"skyColor":
	{
		"b": 255,
		"g": 255,
		"r": 255,
		"a": 255
	}
}