{
	"themeName": "ogtracking",
	"wallMaterial": "BRICK GREY",
	"wallRoughness": 0.82999998331069946,
	"wallMetallic": 1,
	"wallFullBright": 1,
	"wallTint":
	{
		"x": 0.67954248189926147,
		"y": 0.7758222222328186,
		"z": 1
	},
	"floorMaterial": "WOOD PLANK",
	"floorRoughness": 1,
	"floorMetallic": 1,
	"floorFullBright": 1,
	"floorTint":
	{
		"x": 1,
		"y": 0.64447969198226929,
		"z": 0.57758045196533203
	},
	"overrideEnemyHeadColor": true,
	"overrideEnemyBodyColor": true,
	"setEnemyBodyColorAsAttackColor": false,
	"enemyColorRoughness": 0.5,
	"enemyColorMetallic": 0,
	"enemyColorFullBright": 0.5,
	"enemyHeadColor":
	{
		"x": 1,
		"y": 0,
		"z": 1
	},
	"enemyBodyColor":
	{
		"x": 1,
		"y": 0.88792312145233154,
		"z": 0
	},
	"skyPresetId": 3,
	"cloudCoverId": 2,
	"solidSkyColor": false,
	"sunVisible": true,
	"skyColor":
	{
		"b": 217,
		"g": 164,
		"r": 108,
		"a": 255
	}
}