{
	"themeName": "PaytrolahApple",
	"wallMaterial": "MARBLE POLISHED",
	"wallRoughness": 1,
	"wallMetallic": 0.66869556903839111,
	"wallFullBright": 0.66104769706726074,
	"wallTint":
	{
		"x": 0.48514994978904724,
		"y": 0.20507873594760895,
		"z": 0.20507873594760895
	},
	"wallTextureScale": 0.5,
	"floorMaterial": "MARBLE POLISHED",
	"floorRoughness": 1,
	"floorMetallic": 1,
	"floorFullBright": 0.53187614679336548,
	"floorTint":
	{
		"x": 0.39675521850585938,
		"y": 0.1441284716129303,
		"z": 0.13563333451747894
	},
	"floorTextureScale": 1,
	"ceilingMaterial": "MARBLE POLISHED",
	"ceilingRoughness": 1,
	"ceilingMetallic": 0.79000002145767212,
	"ceilingFullBright": 0.5,
	"ceilingTint":
	{
		"x": 0.48514994978904724,
		"y": 0.20507873594760895,
		"z": 0.20507873594760895
	},
	"ceilingTextureScale": 1,
	"rampMaterial": "MARBLE POLISHED",
	"rampRoughness": 1,
	"rampMetallic": 1,
	"rampFullBright": 1,
	"rampTint":
	{
		"x": 0.3762621283531189,
		"y": 0.15592646598815918,
		"z": 0.15592646598815918
	},
	"rampTextureScale": 1,
	"overrideEnemyHeadColor": true,
	"overrideEnemyBodyColor": true,
	"setEnemyBodyColorAsAttackColor": false,
	"enemyColorRoughness": 0,
	"enemyColorMetallic": 0,
	"enemyColorFullBright": 0.16082005202770233,
	"enemyHeadColor":
	{
		"x": 0.16202937066555023,
		"y": 0.28744083642959595,
		"z": 0.51491767168045044
	},
	"enemyHeadColorOnHit":
	{
		"x": 1,
		"y": 1,
		"z": 1
	},
	"enemyHeadColorOnLookAt":
	{
		"x": 0,
		"y": 0,
		"z": 0
	},
	"enemyBodyColor":
	{
		"x": 0.16202937066555023,
		"y": 0.28744083642959595,
		"z": 0.51491767168045044
	},
	"enemyBodyColorOnHit":
	{
		"x": 1,
		"y": 1,
		"z": 1
	},
	"enemyBodyColorOnLookAt":
	{
		"x": 0,
		"y": 0,
		"z": 0
	},
	"changeEnemyColorOnHit": false,
	"changeEnemyColorOnLookAt": false,
	"teamGlowUpHead": 0,
	"teamGlowUpBody": 0,
	"enemyGlowUpHead": 55,
	"enemyGlowUpBody": 40,
	"enemyGlowUpHeadOnHit": 0,
	"enemyGlowUpBodyOnHit": 0,
	"enemyGlowUpHeadOnLookAt": 0,
	"enemyGlowUpBodyOnLookAt": 0,
	"skyPresetId": 6,
	"cloudCoverId": 0,
	"solidSkyColor": false,
	"sunVisible": false,
	"skyColor":
	{
		"b": 118,
		"g": 120,
		"r": 184,
		"a": 255
	}
}