{
	"themeName": "Peace and Lemons",
	"wallMaterial": "MARBLE POLISHED",
	"wallRoughness": 1,
	"wallMetallic": 1,
	"wallFullBright": 1,
	"wallTint":
	{
		"x": 0.21223099529743195,
		"y": 0.21223099529743195,
		"z": 0.21223099529743195
	},
	"floorMaterial": "WOOD PLANK CLEAN",
	"floorRoughness": 1,
	"floorMetallic": 1,
	"floorFullBright": 1,
	"floorTint":
	{
		"x": 0.21223099529743195,
		"y": 0.21223099529743195,
		"z": 0.21223099529743195
	},
	"overrideEnemyHeadColor": false,
	"overrideEnemyBodyColor": true,
	"setEnemyBodyColorAsAttackColor": false,
	"enemyColorRoughness": 0.4699999988079071,
	"enemyColorMetallic": 0.029999999329447746,
	"enemyColorFullBright": 0.5899999737739563,
	"enemyHeadColor":
	{
		"x": 1,
		"y": 1,
		"z": 1
	},
	"enemyBodyColor":
	{
		"x": 1,
		"y": 1,
		"z": 0
	},
	"skyPresetId": 1,
	"cloudCoverId": 3,
	"solidSkyColor": false,
	"sunVisible": true,
	"skyColor":
	{
		"b": 230,
		"g": 210,
		"r": 150,
		"a": 255
	},
	"teamGlowUpHead": 1,
	"teamGlowUpBody": 1,
	"enemyGlowUpHead": 1,
	"enemyGlowUpBody": 1,
	"enemyGlowUpHeadOnHit": 1,
	"enemyGlowUpBodyOnHit": 1,
	"enemyGlowUpHeadOnLookAt": 1,
	"enemyGlowUpBodyOnLookAt": 1
}