{
	"themeName": "pinkBluSteel - flavo edit",
	"wallMaterial": "GREY WOOD BOARD",
	"wallRoughness": 0.2199999988079071,
	"wallMetallic": 0.5,
	"wallFullBright": 0.5,
	"wallTint":
	{
		"x": 0.7304607629776001,
		"y": 0.7304607629776001,
		"z": 0.81484657526016235
	},
	"wallTextureScale": 1,
	"floorMaterial": "MARBLE POLISHED",
	"floorRoughness": 0.76999998092651367,
	"floorMetallic": 0.25,
	"floorFullBright": 0.25,
	"floorTint":
	{
		"x": 0.32314321398735046,
		"y": 0.30054378509521484,
		"z": 0.35153260827064514
	},
	"floorTextureScale": 1,
	"overrideEnemyHeadColor": false,
	"overrideEnemyBodyColor": true,
	"setEnemyBodyColorAsAttackColor": false,
	"enemyColorRoughness": 0.69999998807907104,
	"enemyColorMetallic": 0,
	"enemyColorFullBright": 0.60000002384185791,
	"enemyHeadColor":
	{
		"x": 1,
		"y": 1,
		"z": 1
	},
	"enemyHeadColorOnHit":
	{
		"x": 1,
		"y": 1,
		"z": 1
	},
	"enemyHeadColorOnLookAt":
	{
		"x": 1,
		"y": 1,
		"z": 0
	},
	"enemyBodyColor":
	{
		"x": 1,
		"y": 1,
		"z": 1
	},
	"enemyBodyColorOnHit":
	{
		"x": 1,
		"y": 1,
		"z": 1
	},
	"enemyBodyColorOnLookAt":
	{
		"x": 0,
		"y": 1,
		"z": 0.17144109308719635
	},
	"changeEnemyColorOnHit": false,
	"changeEnemyColorOnLookAt": false,
	"teamGlowUpHead": 1,
	"teamGlowUpBody": 1,
	"enemyGlowUpHead": 1,
	"enemyGlowUpBody": 1,
	"enemyGlowUpHeadOnHit": 1,
	"enemyGlowUpBodyOnHit": 1,
	"enemyGlowUpHeadOnLookAt": 1,
	"enemyGlowUpBodyOnLookAt": 15,
	"skyPresetId": 6,
	"cloudCoverId": 0,
	"solidSkyColor": false,
	"sunVisible": true,
	"skyColor":
	{
		"b": 120,
		"g": 111,
		"r": 126,
		"a": 255
	}
}