{
	"themeName": "rxAnguish",
	"wallMaterial": "GREY WOOD BOARD",
	"wallRoughness": 0.10905729979276657,
	"wallMetallic": 0.5,
	"wallFullBright": 0.5,
	"wallTint":
	{
		"x": 0.7304607629776001,
		"y": 0.7304607629776001,
		"z": 0.81484657526016235
	},
	"wallTextureScale": 0.68999999761581421,
	"floorMaterial": "MARBLE POLISHED",
	"floorRoughness": 1,
	"floorMetallic": 1,
	"floorFullBright": 0.90163934230804443,
	"floorTint":
	{
		"x": 0.14995978772640228,
		"y": 0.14995978772640228,
		"z": 0.18116424977779388
	},
	"floorTextureScale": 0.68999999761581421,
	"ceilingMaterial": "MARBLE POLISHED",
	"ceilingRoughness": 0.76999998092651367,
	"ceilingMetallic": 0.25,
	"ceilingFullBright": 0.25,
	"ceilingTint":
	{
		"x": 0.12743768095970154,
		"y": 0.12743768095970154,
		"z": 0.12743768095970154
	},
	"ceilingTextureScale": 1,
	"rampMaterial": "GREY WOOD BOARD",
	"rampRoughness": 0.2199999988079071,
	"rampMetallic": 0.5,
	"rampFullBright": 0.5,
	"rampTint":
	{
		"x": 0.7304607629776001,
		"y": 0.7304607629776001,
		"z": 0.81484657526016235
	},
	"rampTextureScale": 1,
	"overrideEnemyHeadColor": false,
	"overrideEnemyBodyColor": true,
	"setEnemyBodyColorAsAttackColor": false,
	"enemyColorRoughness": 0,
	"enemyColorMetallic": 0.44328096508979797,
	"enemyColorFullBright": 1,
	"enemyHeadColor":
	{
		"x": 0,
		"y": 0,
		"z": 0
	},
	"enemyHeadColorOnHit":
	{
		"x": 1,
		"y": 1,
		"z": 1
	},
	"enemyHeadColorOnLookAt":
	{
		"x": 0,
		"y": 0,
		"z": 0
	},
	"enemyBodyColor":
	{
		"x": 0,
		"y": 0,
		"z": 0
	},
	"enemyBodyColorOnHit":
	{
		"x": 1,
		"y": 1,
		"z": 1
	},
	"enemyBodyColorOnLookAt":
	{
		"x": 0,
		"y": 0,
		"z": 0
	},
	"changeEnemyColorOnHit": false,
	"changeEnemyColorOnLookAt": false,
	"teamGlowUpHead": 0,
	"teamGlowUpBody": 0,
	"enemyGlowUpHead": 1,
	"enemyGlowUpBody": 1,
	"enemyGlowUpHeadOnHit": 0,
	"enemyGlowUpBodyOnHit": 0,
	"enemyGlowUpHeadOnLookAt": 0,
	"enemyGlowUpBodyOnLookAt": 0,
	"skyPresetId": 6,
	"cloudCoverId": 0,
	"solidSkyColor": false,
	"sunVisible": false,
	"skyColor":
	{
		"b": 133,
		"g": 130,
		"r": 150,
		"a": 255
	}
}