{
	"themeName": "rxBRG",
	"wallMaterial": "WHITE WOOD BOARD",
	"wallRoughness": 1,
	"wallMetallic": 0,
	"wallFullBright": 1,
	"wallTint":
	{
		"x": 0.14126329123973846,
		"y": 0.1384316086769104,
		"z": 0.14995978772640228
	},
	"wallTextureScale": 1,
	"floorMaterial": "GREY WOOD BOARD",
	"floorRoughness": 1,
	"floorMetallic": 1,
	"floorFullBright": 0.95081967115402222,
	"floorTint":
	{
		"x": 0.41788506507873535,
		"y": 0.41254261136054993,
		"z": 0.4019777774810791
	},
	"floorTextureScale": 1,
	"ceilingMaterial": "GREY WOOD BOARD",
	"ceilingRoughness": 1,
	"ceilingMetallic": 1,
	"ceilingFullBright": 0.94899815320968628,
	"ceilingTint":
	{
		"x": 0.41788506507873535,
		"y": 0.41254261136054993,
		"z": 0.4019777774810791
	},
	"ceilingTextureScale": 1,
	"rampMaterial": "GREY WOOD BOARD",
	"rampRoughness": 1,
	"rampMetallic": 1,
	"rampFullBright": 0.94535517692565918,
	"rampTint":
	{
		"x": 0.41788506507873535,
		"y": 0.41254261136054993,
		"z": 0.4019777774810791
	},
	"rampTextureScale": 1,
	"overrideEnemyHeadColor": true,
	"overrideEnemyBodyColor": true,
	"setEnemyBodyColorAsAttackColor": false,
	"enemyColorRoughness": 1,
	"enemyColorMetallic": 1,
	"enemyColorFullBright": 1,
	"enemyHeadColor":
	{
		"x": 1,
		"y": 1,
		"z": 1
	},
	"enemyHeadColorOnHit":
	{
		"x": 1,
		"y": 1,
		"z": 1
	},
	"enemyHeadColorOnLookAt":
	{
		"x": 1,
		"y": 1,
		"z": 0
	},
	"enemyBodyColor":
	{
		"x": 1,
		"y": 1,
		"z": 1
	},
	"enemyBodyColorOnHit":
	{
		"x": 1,
		"y": 1,
		"z": 1
	},
	"enemyBodyColorOnLookAt":
	{
		"x": 1,
		"y": 1,
		"z": 0
	},
	"changeEnemyColorOnHit": false,
	"changeEnemyColorOnLookAt": false,
	"teamGlowUpHead": 0,
	"teamGlowUpBody": 0,
	"enemyGlowUpHead": 1,
	"enemyGlowUpBody": 1,
	"enemyGlowUpHeadOnHit": 0,
	"enemyGlowUpBodyOnHit": 0,
	"enemyGlowUpHeadOnLookAt": 0,
	"enemyGlowUpBodyOnLookAt": 0,
	"skyPresetId": 6,
	"cloudCoverId": 3,
	"solidSkyColor": false,
	"sunVisible": false,
	"skyColor":
	{
		"b": 144,
		"g": 144,
		"r": 144,
		"a": 255
	}
}