{
	"themeName": "rxDespairV2",
	"wallMaterial": "CONCRETE TILES",
	"wallRoughness": 1,
	"wallMetallic": 0.23909249901771545,
	"wallFullBright": 1,
	"wallTint":
	{
		"x": 0.32314321398735046,
		"y": 0.31398871541023254,
		"z": 0.36130678653717041
	},
	"wallTextureScale": 1,
	"floorMaterial": "WOOD FLOOR WALNUT",
	"floorRoughness": 0.7504621148109436,
	"floorMetallic": 0,
	"floorFullBright": 0.43715846538543701,
	"floorTint":
	{
		"x": 1,
		"y": 1,
		"z": 1
	},
	"floorTextureScale": 1.7999999523162842,
	"ceilingMaterial": "CONCRETE TILES",
	"ceilingRoughness": 1,
	"ceilingMetallic": 0.23909249901771545,
	"ceilingFullBright": 1,
	"ceilingTint":
	{
		"x": 0.32314321398735046,
		"y": 0.31398871541023254,
		"z": 0.36130678653717041
	},
	"ceilingTextureScale": 1,
	"rampMaterial": "WOOD FLOOR WALNUT",
	"rampRoughness": 1,
	"rampMetallic": 1,
	"rampFullBright": 0.30054643750190735,
	"rampTint":
	{
		"x": 1,
		"y": 1,
		"z": 1
	},
	"rampTextureScale": 1,
	"overrideEnemyHeadColor": true,
	"overrideEnemyBodyColor": true,
	"setEnemyBodyColorAsAttackColor": false,
	"enemyColorRoughness": 1,
	"enemyColorMetallic": 1,
	"enemyColorFullBright": 1,
	"enemyHeadColor":
	{
		"x": 1,
		"y": 1,
		"z": 1
	},
	"enemyHeadColorOnHit":
	{
		"x": 2.7122879404480405e+30,
		"y": 7.062544260197078e-43,
		"z": 0
	},
	"enemyHeadColorOnLookAt":
	{
		"x": 0,
		"y": 1920,
		"z": 1080
	},
	"enemyBodyColor":
	{
		"x": 1,
		"y": 1,
		"z": 1
	},
	"enemyBodyColorOnHit":
	{
		"x": 1,
		"y": 0,
		"z": 0
	},
	"enemyBodyColorOnLookAt":
	{
		"x": -3.397059060716856e-07,
		"y": 4.5903735094352358e-41,
		"z": 0
	},
	"changeEnemyColorOnHit": false,
	"changeEnemyColorOnLookAt": false,
	"teamGlowUpHead": 0,
	"teamGlowUpBody": 0,
	"enemyGlowUpHead": 0,
	"enemyGlowUpBody": 1,
	"enemyGlowUpHeadOnHit": 0,
	"enemyGlowUpBodyOnHit": 0,
	"enemyGlowUpHeadOnLookAt": 0,
	"enemyGlowUpBodyOnLookAt": 0,
	"skyPresetId": 1,
	"cloudCoverId": 0,
	"solidSkyColor": false,
	"sunVisible": false,
	"skyColor":
	{
		"b": 232,
		"g": 255,
		"r": 255,
		"a": 255
	}
}