{
	"themeName": "rxGrayAnguish",
	"wallMaterial": "GREY WOOD BOARD",
	"wallRoughness": 1,
	"wallMetallic": 0,
	"wallFullBright": 1,
	"wallTint":
	{
		"x": 0.7304607629776001,
		"y": 0.7304607629776001,
		"z": 0.7304607629776001
	},
	"wallTextureScale": 0.68999999761581421,
	"floorMaterial": "MARBLE POLISHED",
	"floorRoughness": 0,
	"floorMetallic": 1,
	"floorFullBright": 1,
	"floorTint":
	{
		"x": 0.2541520893573761,
		"y": 0.25818285346031189,
		"z": 0.28314873576164246
	},
	"floorTextureScale": 0.68999999761581421,
	"ceilingMaterial": "MARBLE POLISHED",
	"ceilingRoughness": 0,
	"ceilingMetallic": 1,
	"ceilingFullBright": 1,
	"ceilingTint":
	{
		"x": 0.25818285346031189,
		"y": 0.26225066184997559,
		"z": 0.28744083642959595
	},
	"ceilingTextureScale": 1,
	"rampMaterial": "GREY WOOD BOARD",
	"rampRoughness": 0.2199999988079071,
	"rampMetallic": 0.5,
	"rampFullBright": 0.5,
	"rampTint":
	{
		"x": 0.7304607629776001,
		"y": 0.7304607629776001,
		"z": 0.81484657526016235
	},
	"rampTextureScale": 1,
	"overrideEnemyHeadColor": false,
	"overrideEnemyBodyColor": true,
	"setEnemyBodyColorAsAttackColor": false,
	"enemyColorRoughness": 0,
	"enemyColorMetallic": 0.44328096508979797,
	"enemyColorFullBright": 1,
	"enemyHeadColor":
	{
		"x": 0,
		"y": 0,
		"z": 0
	},
	"enemyHeadColorOnHit":
	{
		"x": 1,
		"y": 1,
		"z": 1
	},
	"enemyHeadColorOnLookAt":
	{
		"x": 0,
		"y": 0,
		"z": 0
	},
	"enemyBodyColor":
	{
		"x": 0,
		"y": 0,
		"z": 0
	},
	"enemyBodyColorOnHit":
	{
		"x": 1,
		"y": 1,
		"z": 1
	},
	"enemyBodyColorOnLookAt":
	{
		"x": 0,
		"y": 0,
		"z": 0
	},
	"changeEnemyColorOnHit": false,
	"changeEnemyColorOnLookAt": false,
	"teamGlowUpHead": 0,
	"teamGlowUpBody": 0,
	"enemyGlowUpHead": 1,
	"enemyGlowUpBody": 1,
	"enemyGlowUpHeadOnHit": 0,
	"enemyGlowUpBodyOnHit": 0,
	"enemyGlowUpHeadOnLookAt": 0,
	"enemyGlowUpBodyOnLookAt": 0,
	"skyPresetId": 8,
	"cloudCoverId": 0,
	"solidSkyColor": false,
	"sunVisible": false,
	"skyColor":
	{
		"b": 229,
		"g": 222,
		"r": 233,
		"a": 255
	}
}