{
	"themeName": "rxMatrix",
	"wallMaterial": "GRID 16",
	"wallRoughness": 1,
	"wallMetallic": 1,
	"wallFullBright": 1,
	"wallTint":
	{
		"x": 0.045186202973127365,
		"y": 0.052860647439956665,
		"z": 0.070360094308853149
	},
	"wallTextureScale": 4,
	"floorMaterial": "GRID 16",
	"floorRoughness": 1,
	"floorMetallic": 1,
	"floorFullBright": 1,
	"floorTint":
	{
		"x": 0.045186202973127365,
		"y": 0.052860647439956665,
		"z": 0.070360094308853149
	},
	"floorTextureScale": 4,
	"ceilingMaterial": "GRID 16",
	"ceilingRoughness": 1,
	"ceilingMetallic": 1,
	"ceilingFullBright": 1,
	"ceilingTint":
	{
		"x": 0.045186202973127365,
		"y": 0.052860647439956665,
		"z": 0.070360094308853149
	},
	"ceilingTextureScale": 8,
	"rampMaterial": "GRID 16",
	"rampRoughness": 1,
	"rampMetallic": 1,
	"rampFullBright": 1,
	"rampTint":
	{
		"x": 0.045186202973127365,
		"y": 0.052860647439956665,
		"z": 0.070360094308853149
	},
	"rampTextureScale": 8,
	"overrideEnemyHeadColor": true,
	"overrideEnemyBodyColor": true,
	"setEnemyBodyColorAsAttackColor": false,
	"enemyColorRoughness": 1,
	"enemyColorMetallic": 1,
	"enemyColorFullBright": 1,
	"enemyHeadColor":
	{
		"x": 1,
		"y": 1,
		"z": 1
	},
	"enemyHeadColorOnHit":
	{
		"x": 2.7122879404480405e+30,
		"y": 7.062544260197078e-43,
		"z": 0
	},
	"enemyHeadColorOnLookAt":
	{
		"x": 0,
		"y": 1920,
		"z": 1080
	},
	"enemyBodyColor":
	{
		"x": 1,
		"y": 1,
		"z": 1
	},
	"enemyBodyColorOnHit":
	{
		"x": 1,
		"y": 0,
		"z": 0
	},
	"enemyBodyColorOnLookAt":
	{
		"x": -3.397059060716856e-07,
		"y": 4.5903735094352358e-41,
		"z": 0
	},
	"changeEnemyColorOnHit": false,
	"changeEnemyColorOnLookAt": false,
	"teamGlowUpHead": 0,
	"teamGlowUpBody": 0,
	"enemyGlowUpHead": 1,
	"enemyGlowUpBody": 1,
	"enemyGlowUpHeadOnHit": 0,
	"enemyGlowUpBodyOnHit": 0,
	"enemyGlowUpHeadOnLookAt": 0,
	"enemyGlowUpBodyOnLookAt": 0,
	"skyPresetId": 8,
	"cloudCoverId": 0,
	"solidSkyColor": false,
	"sunVisible": false,
	"skyColor":
	{
		"b": 146,
		"g": 128,
		"r": 128,
		"a": 255
	}
}