{
	"themeName": "rxMGT",
	"wallMaterial": "MARBLE POLISHED",
	"wallRoughness": 1,
	"wallMetallic": 1,
	"wallFullBright": 1,
	"wallTint":
	{
		"x": 0.16202937066555023,
		"y": 0.16826939582824707,
		"z": 0.17464740574359894
	},
	"wallTextureScale": 1,
	"floorMaterial": "CONCRETE TILES",
	"floorRoughness": 1,
	"floorMetallic": 1,
	"floorFullBright": 1,
	"floorTint":
	{
		"x": 0.19806931912899017,
		"y": 0.19120168685913086,
		"z": 0.19806931912899017
	},
	"floorTextureScale": 1,
	"ceilingMaterial": "CONCRETE TILES",
	"ceilingRoughness": 1,
	"ceilingMetallic": 1,
	"ceilingFullBright": 1,
	"ceilingTint":
	{
		"x": 0.19806931912899017,
		"y": 0.19120168685913086,
		"z": 0.19806931912899017
	},
	"ceilingTextureScale": 1,
	"rampMaterial": "CONCRETE TILES",
	"rampRoughness": 1,
	"rampMetallic": 1,
	"rampFullBright": 1,
	"rampTint":
	{
		"x": 0.19806931912899017,
		"y": 0.19120168685913086,
		"z": 0.19806931912899017
	},
	"rampTextureScale": 1,
	"overrideEnemyHeadColor": false,
	"overrideEnemyBodyColor": true,
	"setEnemyBodyColorAsAttackColor": false,
	"enemyColorRoughness": 1,
	"enemyColorMetallic": 1,
	"enemyColorFullBright": 1,
	"enemyHeadColor":
	{
		"x": 0,
		"y": 1,
		"z": 0
	},
	"enemyHeadColorOnHit":
	{
		"x": 1,
		"y": 1,
		"z": 1
	},
	"enemyHeadColorOnLookAt":
	{
		"x": 0,
		"y": 0,
		"z": 0
	},
	"enemyBodyColor":
	{
		"x": 0,
		"y": 1,
		"z": 0
	},
	"enemyBodyColorOnHit":
	{
		"x": 1,
		"y": 1,
		"z": 1
	},
	"enemyBodyColorOnLookAt":
	{
		"x": 0,
		"y": 0,
		"z": 0
	},
	"changeEnemyColorOnHit": false,
	"changeEnemyColorOnLookAt": false,
	"teamGlowUpHead": 0,
	"teamGlowUpBody": 0,
	"enemyGlowUpHead": 1,
	"enemyGlowUpBody": 1,
	"enemyGlowUpHeadOnHit": 0,
	"enemyGlowUpBodyOnHit": 0,
	"enemyGlowUpHeadOnLookAt": 0,
	"enemyGlowUpBodyOnLookAt": 0,
	"skyPresetId": 1,
	"cloudCoverId": 0,
	"solidSkyColor": false,
	"sunVisible": false,
	"skyColor":
	{
		"b": 255,
		"g": 255,
		"r": 210,
		"a": 255
	}
}