{
	"themeName": "rxRoseishStatic",
	"wallMaterial": "PURE COLOR",
	"wallRoughness": 0.75,
	"wallMetallic": 0.75,
	"wallFullBright": 0.38999998569488525,
	"wallTint":
	{
		"x": 0.57758045196533203,
		"y": 0.45641103386878967,
		"z": 0.4019777774810791
	},
	"wallTextureScale": 1,
	"floorMaterial": "PURE COLOR",
	"floorRoughness": 0.75,
	"floorMetallic": 0.75,
	"floorFullBright": 0.38797813653945923,
	"floorTint":
	{
		"x": 0.57758045196533203,
		"y": 0.45641103386878967,
		"z": 0.4019777774810791
	},
	"floorTextureScale": 1,
	"ceilingMaterial": "PURE COLOR",
	"ceilingRoughness": 1,
	"ceilingMetallic": 1,
	"ceilingFullBright": 0.51548272371292114,
	"ceilingTint":
	{
		"x": 0.65140563249588013,
		"y": 0.5271151065826416,
		"z": 0.4969329833984375
	},
	"ceilingTextureScale": 1,
	"rampMaterial": "PURE COLOR",
	"rampRoughness": 0.75,
	"rampMetallic": 0.75,
	"rampFullBright": 0.38999998569488525,
	"rampTint":
	{
		"x": 0.57758045196533203,
		"y": 0.45641103386878967,
		"z": 0.4019777774810791
	},
	"rampTextureScale": 1,
	"overrideEnemyHeadColor": true,
	"overrideEnemyBodyColor": true,
	"setEnemyBodyColorAsAttackColor": false,
	"enemyColorRoughness": 1,
	"enemyColorMetallic": 0,
	"enemyColorFullBright": 0,
	"enemyHeadColor":
	{
		"x": 0,
		"y": 0,
		"z": 0
	},
	"enemyHeadColorOnHit":
	{
		"x": 1,
		"y": 1,
		"z": 1
	},
	"enemyHeadColorOnLookAt":
	{
		"x": 1,
		"y": 1,
		"z": 0
	},
	"enemyBodyColor":
	{
		"x": 0,
		"y": 0,
		"z": 0
	},
	"enemyBodyColorOnHit":
	{
		"x": 1,
		"y": 1,
		"z": 1
	},
	"enemyBodyColorOnLookAt":
	{
		"x": 1,
		"y": 1,
		"z": 0
	},
	"changeEnemyColorOnHit": false,
	"changeEnemyColorOnLookAt": false,
	"teamGlowUpHead": 1,
	"teamGlowUpBody": 1,
	"enemyGlowUpHead": 1,
	"enemyGlowUpBody": 1,
	"enemyGlowUpHeadOnHit": 1,
	"enemyGlowUpBodyOnHit": 1,
	"enemyGlowUpHeadOnLookAt": 1,
	"enemyGlowUpBodyOnLookAt": 1,
	"skyPresetId": 0,
	"cloudCoverId": 0,
	"solidSkyColor": true,
	"sunVisible": false,
	"skyColor":
	{
		"b": 140,
		"g": 144,
		"r": 160,
		"a": 255
	}
}