{
	"themeName": "Search Aim 5",
	"wallMaterial": "MARBLE POLISHED",
	"wallRoughness": 1,
	"wallMetallic": 0,
	"wallFullBright": 1,
	"wallTint":
	{
		"x": 0.056128490716218948,
		"y": 0.056128490716218948,
		"z": 0.10224173218011856
	},
	"wallTextureScale": 1,
	"floorMaterial": "WHITE WOOD BOARD",
	"floorRoughness": 0.80000001192092896,
	"floorMetallic": 1,
	"floorFullBright": 0.89999997615814209,
	"floorTint":
	{
		"x": 0.056128490716218948,
		"y": 0.056128490716218948,
		"z": 0.10224173218011856
	},
	"floorTextureScale": 1,
	"ceilingMaterial": "WHITE WOOD BOARD",
	"ceilingRoughness": 0.80000001192092896,
	"ceilingMetallic": 1,
	"ceilingFullBright": 1,
	"ceilingTint":
	{
		"x": 0.056128490716218948,
		"y": 0.056128490716218948,
		"z": 0.10224173218011856
	},
	"ceilingTextureScale": 1,
	"rampMaterial": "WHITE WOOD BOARD",
	"rampRoughness": 0.80000001192092896,
	"rampMetallic": 1,
	"rampFullBright": 0.89999997615814209,
	"rampTint":
	{
		"x": 0.056128490716218948,
		"y": 0.056128490716218948,
		"z": 0.10224173218011856
	},
	"rampTextureScale": 1,
	"overrideEnemyHeadColor": true,
	"overrideEnemyBodyColor": true,
	"setEnemyBodyColorAsAttackColor": false,
	"enemyColorRoughness": 1,
	"enemyColorMetallic": 0,
	"enemyColorFullBright": 1,
	"enemyHeadColor":
	{
		"x": 1,
		"y": 1,
		"z": 1
	},
	"enemyHeadColorOnHit":
	{
		"x": 1,
		"y": 1,
		"z": 1
	},
	"enemyHeadColorOnLookAt":
	{
		"x": 1,
		"y": 1,
		"z": 0
	},
	"enemyBodyColor":
	{
		"x": 1,
		"y": 1,
		"z": 1
	},
	"enemyBodyColorOnHit":
	{
		"x": 1,
		"y": 1,
		"z": 1
	},
	"enemyBodyColorOnLookAt":
	{
		"x": 1,
		"y": 1,
		"z": 0
	},
	"changeEnemyColorOnHit": false,
	"changeEnemyColorOnLookAt": false,
	"teamGlowUpHead": 1,
	"teamGlowUpBody": 1,
	"enemyGlowUpHead": 1,
	"enemyGlowUpBody": 1,
	"enemyGlowUpHeadOnHit": 1,
	"enemyGlowUpBodyOnHit": 1,
	"enemyGlowUpHeadOnLookAt": 1,
	"enemyGlowUpBodyOnLookAt": 1,
	"skyPresetId": 1,
	"cloudCoverId": 0,
	"solidSkyColor": false,
	"sunVisible": false,
	"skyColor":
	{
		"b": 255,
		"g": 245,
		"r": 255,
		"a": 255
	}
}