{
	"themeName": "Static Clicking",
	"wallMaterial": "PURE COLOR",
	"wallRoughness": 0.56999999284744263,
	"wallMetallic": 0.56999999284744263,
	"wallFullBright": 0.5,
	"wallTint":
	{
		"x": 0.28314873576164246,
		"y": 0.26225066184997559,
		"z": 0.28314873576164246
	},
	"wallTextureScale": 1,
	"floorMaterial": "PURE COLOR",
	"floorRoughness": 1,
	"floorMetallic": 0,
	"floorFullBright": 1,
	"floorTint":
	{
		"x": 0.54572445154190063,
		"y": 0.50288647413253784,
		"z": 0.54572445154190063
	},
	"floorTextureScale": 1,
	"overrideEnemyHeadColor": true,
	"overrideEnemyBodyColor": true,
	"setEnemyBodyColorAsAttackColor": false,
	"enemyColorRoughness": 1,
	"enemyColorMetallic": 1,
	"enemyColorFullBright": 0,
	"enemyHeadColor":
	{
		"x": 0,
		"y": 0,
		"z": 0
	},
	"enemyHeadColorOnHit":
	{
		"x": 1,
		"y": 1,
		"z": 1
	},
	"enemyHeadColorOnLookAt":
	{
		"x": 0.46207699179649353,
		"y": 0.79129797220230103,
		"z": 0.012285999953746796
	},
	"enemyBodyColor":
	{
		"x": 0,
		"y": 0,
		"z": 0
	},
	"enemyBodyColorOnHit":
	{
		"x": 1,
		"y": 1,
		"z": 1
	},
	"enemyBodyColorOnLookAt":
	{
		"x": 0.46207699179649353,
		"y": 0.79129797220230103,
		"z": 0.012285999953746796
	},
	"changeEnemyColorOnHit": false,
	"changeEnemyColorOnLookAt": false,
	"teamGlowUpHead": 1,
	"teamGlowUpBody": 1,
	"enemyGlowUpHead": 1,
	"enemyGlowUpBody": 1000,
	"enemyGlowUpHeadOnHit": 1,
	"enemyGlowUpBodyOnHit": 1,
	"enemyGlowUpHeadOnLookAt": 1,
	"enemyGlowUpBodyOnLookAt": 1,
	"skyPresetId": 8,
	"cloudCoverId": 0,
	"solidSkyColor": false,
	"sunVisible": true,
	"skyColor":
	{
		"b": 230,
		"g": 202,
		"r": 255,
		"a": 255
	}
}