{
	"themeName": "TS-Green",
	"wallMaterial": "PURE COLOR",
	"wallRoughness": 1,
	"wallMetallic": 0.5,
	"wallFullBright": 0.73000001907348633,
	"wallTint":
	{
		"x": 0.18447498977184296,
		"y": 0.18447498977184296,
		"z": 0.18447498977184296
	},
	"wallTextureScale": 1,
	"floorMaterial": "BRICK GREY",
	"floorRoughness": 1,
	"floorMetallic": 0.5,
	"floorFullBright": 1,
	"floorTint":
	{
		"x": 0.45078578591346741,
		"y": 0.44520118832588196,
		"z": 0.50288647413253784
	},
	"floorTextureScale": 3,
	"ceilingMaterial": "GRID 16",
	"ceilingRoughness": 1,
	"ceilingMetallic": 1,
	"ceilingFullBright": 0.79000002145767212,
	"ceilingTint":
	{
		"x": 0.061246052384376526,
		"y": 0.061246052384376526,
		"z": 0.061246052384376526
	},
	"ceilingTextureScale": 0.10000000149011612,
	"rampMaterial": "BRICK GREY",
	"rampRoughness": 1,
	"rampMetallic": 0.5,
	"rampFullBright": 1,
	"rampTint":
	{
		"x": 0.45078578591346741,
		"y": 0.44520118832588196,
		"z": 0.50288647413253784
	},
	"rampTextureScale": 2,
	"overrideEnemyHeadColor": true,
	"overrideEnemyBodyColor": true,
	"setEnemyBodyColorAsAttackColor": false,
	"enemyColorRoughness": 1,
	"enemyColorMetallic": 0.5,
	"enemyColorFullBright": 1,
	"enemyHeadColor":
	{
		"x": 0.18116424977779388,
		"y": 1,
		"z": 0.12743768095970154
	},
	"enemyHeadColorOnHit":
	{
		"x": 1,
		"y": 1,
		"z": 1
	},
	"enemyHeadColorOnLookAt":
	{
		"x": 1,
		"y": 1,
		"z": 0
	},
	"enemyBodyColor":
	{
		"x": 0.18116424977779388,
		"y": 1,
		"z": 0.12743768095970154
	},
	"enemyBodyColorOnHit":
	{
		"x": 1,
		"y": 1,
		"z": 1
	},
	"enemyBodyColorOnLookAt":
	{
		"x": 1,
		"y": 1,
		"z": 0
	},
	"changeEnemyColorOnHit": false,
	"changeEnemyColorOnLookAt": false,
	"teamGlowUpHead": 1,
	"teamGlowUpBody": 1,
	"enemyGlowUpHead": 1,
	"enemyGlowUpBody": 1,
	"enemyGlowUpHeadOnHit": 1,
	"enemyGlowUpBodyOnHit": 1,
	"enemyGlowUpHeadOnLookAt": 1,
	"enemyGlowUpBodyOnLookAt": 1,
	"skyPresetId": 6,
	"cloudCoverId": 0,
	"solidSkyColor": false,
	"sunVisible": false,
	"skyColor":
	{
		"b": 150,
		"g": 157,
		"r": 231,
		"a": 255
	}
}