{
	"themeName": "woke",
	"wallMaterial": "DRYWALL",
	"wallRoughness": 0.20000000298023224,
	"wallMetallic": 0.5,
	"wallFullBright": 1,
	"wallTint":
	{
		"x": 0.057805430144071579,
		"y": 0.057805430144071579,
		"z": 0.068478167057037354
	},
	"wallTextureScale": 1,
	"floorMaterial": "PURE COLOR",
	"floorRoughness": 0.5,
	"floorMetallic": 1,
	"floorFullBright": 0,
	"floorTint":
	{
		"x": 0.057805430144071579,
		"y": 0.057805430144071579,
		"z": 0.070360094308853149
	},
	"floorTextureScale": 1,
	"ceilingMaterial": "DRYWALL",
	"ceilingRoughness": 0.5,
	"ceilingMetallic": 1,
	"ceilingFullBright": 0,
	"ceilingTint":
	{
		"x": 0.057805430144071579,
		"y": 0.057805430144071579,
		"z": 0.070360094308853149
	},
	"ceilingTextureScale": 1,
	"rampMaterial": "MARBLE POLISHED",
	"rampRoughness": 0.5,
	"rampMetallic": 1,
	"rampFullBright": 0,
	"rampTint":
	{
		"x": 0.057805430144071579,
		"y": 0.057805430144071579,
		"z": 0.070360094308853149
	},
	"rampTextureScale": 1,
	"overrideEnemyHeadColor": true,
	"overrideEnemyBodyColor": true,
	"setEnemyBodyColorAsAttackColor": false,
	"enemyColorRoughness": 0.75,
	"enemyColorMetallic": 0.75,
	"enemyColorFullBright": 0.75,
	"enemyHeadColor":
	{
		"x": 0,
		"y": 0,
		"z": 0
	},
	"enemyHeadColorOnHit":
	{
		"x": 1,
		"y": 1,
		"z": 1
	},
	"enemyHeadColorOnLookAt":
	{
		"x": 1,
		"y": 1,
		"z": 0
	},
	"enemyBodyColor":
	{
		"x": 0.46207699179649353,
		"y": 0.79129797220230103,
		"z": 0.012285999953746796
	},
	"enemyBodyColorOnHit":
	{
		"x": 1,
		"y": 1,
		"z": 1
	},
	"enemyBodyColorOnLookAt":
	{
		"x": 1,
		"y": 1,
		"z": 0
	},
	"changeEnemyColorOnHit": false,
	"changeEnemyColorOnLookAt": false,
	"teamGlowUpHead": 1,
	"teamGlowUpBody": 1,
	"enemyGlowUpHead": 1,
	"enemyGlowUpBody": 1,
	"enemyGlowUpHeadOnHit": 1,
	"enemyGlowUpBodyOnHit": 1,
	"enemyGlowUpHeadOnLookAt": 1,
	"enemyGlowUpBodyOnLookAt": 1,
	"skyPresetId": 2,
	"cloudCoverId": 4,
	"solidSkyColor": false,
	"sunVisible": false,
	"skyColor":
	{
		"b": 255,
		"g": 255,
		"r": 255,
		"a": 255
	}
}