{
	"themeName": "!BlueGrayTrack",
	"wallMaterial": "CONCRETE TILES",
	"wallRoughness": 0.3401108980178833,
	"wallMetallic": 0.2443280965089798,
	"wallFullBright": 0.24225865304470062,
	"wallTint":
	{
		"x": 0.423267662525177,
		"y": 0.423267662525177,
		"z": 0.45641103386878967
	},
	"wallTextureScale": 1,
	"floorMaterial": "BRICK CLAY BEVELED",
	"floorRoughness": 0.69870609045028687,
	"floorMetallic": 0,
	"floorFullBright": 0.3369763195514679,
	"floorTint":
	{
		"x": 0.2541520893573761,
		"y": 0.2541520893573761,
		"z": 0.2541520893573761
	},
	"floorTextureScale": 1,
	"ceilingMaterial": "BRICK CLAY BEVELED",
	"ceilingRoughness": 1,
	"ceilingMetallic": 0.6998254656791687,
	"ceilingFullBright": 0.33151182532310486,
	"ceilingTint":
	{
		"x": 0.91309863328933716,
		"y": 0.91309863328933716,
		"z": 1
	},
	"ceilingTextureScale": 1,
	"rampMaterial": "CONCRETE TILES",
	"rampRoughness": 0.60000002384185791,
	"rampMetallic": 1,
	"rampFullBright": 0.34999999403953552,
	"rampTint":
	{
		"x": 0.2541520893573761,
		"y": 0.2541520893573761,
		"z": 0.2541520893573761
	},
	"rampTextureScale": 1,
	"overrideEnemyHeadColor": true,
	"overrideEnemyBodyColor": true,
	"setEnemyBodyColorAsAttackColor": false,
	"enemyColorRoughness": 1,
	"enemyColorMetallic": 1,
	"enemyColorFullBright": 1,
	"enemyHeadColor":
	{
		"x": 1,
		"y": 1,
		"z": 1
	},
	"enemyHeadColorOnHit":
	{
		"x": 1,
		"y": 1,
		"z": 1
	},
	"enemyHeadColorOnLookAt":
	{
		"x": 1,
		"y": 1,
		"z": 0
	},
	"enemyBodyColor":
	{
		"x": 1,
		"y": 1,
		"z": 1
	},
	"enemyBodyColorOnHit":
	{
		"x": 1,
		"y": 1,
		"z": 1
	},
	"enemyBodyColorOnLookAt":
	{
		"x": 1,
		"y": 1,
		"z": 0
	},
	"changeEnemyColorOnHit": false,
	"changeEnemyColorOnLookAt": false,
	"teamGlowUpHead": 1,
	"teamGlowUpBody": 1,
	"enemyGlowUpHead": 1,
	"enemyGlowUpBody": 1,
	"enemyGlowUpHeadOnHit": 1,
	"enemyGlowUpBodyOnHit": 1,
	"enemyGlowUpHeadOnLookAt": 1,
	"enemyGlowUpBodyOnLookAt": 1,
	"skyPresetId": 8,
	"cloudCoverId": 0,
	"solidSkyColor": false,
	"sunVisible": true,
	"skyColor":
	{
		"b": 164,
		"g": 144,
		"r": 142,
		"a": 255
	}
}