{
	"themeName": "4rK - Cream Static 2",
	"wallMaterial": "PURE COLOR",
	"wallRoughness": 0.75,
	"wallMetallic": 0.75,
	"wallFullBright": 0.75,
	"wallTint":
	{
		"x": 1,
		"y": 0.54572445154190063,
		"z": 0.45641103386878967
	},
	"wallTextureScale": 1,
	"floorMaterial": "PURE COLOR",
	"floorRoughness": 0.69927537441253662,
	"floorMetallic": 1,
	"floorFullBright": 0.77898550033569336,
	"floorTint":
	{
		"x": 1,
		"y": 0.54572445154190063,
		"z": 0.45641103386878967
	},
	"floorTextureScale": 1,
	"ceilingMaterial": "PURE COLOR",
	"ceilingRoughness": 0.69927537441253662,
	"ceilingMetallic": 1,
	"ceilingFullBright": 0.86594200134277344,
	"ceilingTint":
	{
		"x": 1,
		"y": 0.54572445154190063,
		"z": 0.45641103386878967
	},
	"ceilingTextureScale": 1,
	"rampMaterial": "PURE COLOR",
	"rampRoughness": 0.75,
	"rampMetallic": 0.75,
	"rampFullBright": 0.38999998569488525,
	"rampTint":
	{
		"x": 1,
		"y": 1,
		"z": 1
	},
	"rampTextureScale": 1,
	"overrideEnemyHeadColor": true,
	"overrideEnemyBodyColor": true,
	"setEnemyBodyColorAsAttackColor": false,
	"enemyColorRoughness": 0,
	"enemyColorMetallic": 1,
	"enemyColorFullBright": 1,
	"enemyHeadColor":
	{
		"x": 0,
		"y": 0,
		"z": 0
	},
	"enemyHeadColorOnHit":
	{
		"x": 1,
		"y": 1,
		"z": 1
	},
	"enemyHeadColorOnLookAt":
	{
		"x": 1,
		"y": 1,
		"z": 0
	},
	"enemyBodyColor":
	{
		"x": 0,
		"y": 0,
		"z": 0
	},
	"enemyBodyColorOnHit":
	{
		"x": 1,
		"y": 1,
		"z": 1
	},
	"enemyBodyColorOnLookAt":
	{
		"x": 1,
		"y": 1,
		"z": 0
	},
	"changeEnemyColorOnHit": false,
	"changeEnemyColorOnLookAt": false,
	"teamGlowUpHead": 1,
	"teamGlowUpBody": 1,
	"enemyGlowUpHead": 1,
	"enemyGlowUpBody": 1,
	"enemyGlowUpHeadOnHit": 1,
	"enemyGlowUpBodyOnHit": 1,
	"enemyGlowUpHeadOnLookAt": 1,
	"enemyGlowUpBodyOnLookAt": 1,
	"skyPresetId": 1,
	"cloudCoverId": 0,
	"solidSkyColor": false,
	"sunVisible": true,
	"skyColor":
	{
		"b": 255,
		"g": 255,
		"r": 255,
		"a": 255
	}
}