{
	"themeName": "brh",
	"wallMaterial": "PURE COLOR",
	"wallRoughness": 0.89999997615814209,
	"wallMetallic": 0.89999997615814209,
	"wallFullBright": 0.5,
	"wallTint":
	{
		"x": 0.83076989650726318,
		"y": 0.83076989650726318,
		"z": 0.87136709690093994
	},
	"wallTextureScale": 1,
	"floorMaterial": "PURE COLOR",
	"floorRoughness": 0.25,
	"floorMetallic": 0.89999997615814209,
	"floorFullBright": 0.44999998807907104,
	"floorTint":
	{
		"x": 0.83076989650726318,
		"y": 0.83076989650726318,
		"z": 0.87136709690093994
	},
	"floorTextureScale": 1,
	"overrideEnemyHeadColor": true,
	"overrideEnemyBodyColor": true,
	"setEnemyBodyColorAsAttackColor": false,
	"enemyColorRoughness": 0,
	"enemyColorMetallic": 1,
	"enemyColorFullBright": 1,
	"enemyHeadColor":
	{
		"x": 0,
		"y": 0,
		"z": 0
	},
	"enemyHeadColorOnHit":
	{
		"x": 1,
		"y": 1,
		"z": 1
	},
	"enemyHeadColorOnLookAt":
	{
		"x": 1,
		"y": 1,
		"z": 0
	},
	"enemyBodyColor":
	{
		"x": 0,
		"y": 0,
		"z": 0
	},
	"enemyBodyColorOnHit":
	{
		"x": 1,
		"y": 1,
		"z": 1
	},
	"enemyBodyColorOnLookAt":
	{
		"x": 1,
		"y": 1,
		"z": 0
	},
	"changeEnemyColorOnHit": false,
	"changeEnemyColorOnLookAt": false,
	"teamGlowUpHead": 1,
	"teamGlowUpBody": 1,
	"enemyGlowUpHead": 1,
	"enemyGlowUpBody": 1,
	"enemyGlowUpHeadOnHit": 1,
	"enemyGlowUpBodyOnHit": 1,
	"enemyGlowUpHeadOnLookAt": 1,
	"enemyGlowUpBodyOnLookAt": 1,
	"skyPresetId": 1,
	"cloudCoverId": 0,
	"solidSkyColor": false,
	"sunVisible": true,
	"skyColor":
	{
		"b": 234,
		"g": 217,
		"r": 153,
		"a": 255
	}
}