{
	"themeName": "DokkieMarbleShiny",
	"wallMaterial": "MARBLE POLISHED",
	"wallRoughness": 1,
	"wallMetallic": 1,
	"wallFullBright": 0.75,
	"wallTint":
	{
		"x": 0.5,
		"y": 0.5,
		"z": 0.5
	},
	"wallTextureScale": 1.5,
	"floorMaterial": "MARBLE POLISHED",
	"floorRoughness": 1,
	"floorMetallic": 1,
	"floorFullBright": 1,
	"floorTint":
	{
		"x": 0.5,
		"y": 0.5,
		"z": 0.5
	},
	"floorTextureScale": 1.5,
	"ceilingMaterial": "MARBLE POLISHED",
	"ceilingRoughness": 1,
	"ceilingMetallic": 1,
	"ceilingFullBright": 0.89999997615814209,
	"ceilingTint":
	{
		"x": 0.5,
		"y": 0.5,
		"z": 0.5
	},
	"ceilingTextureScale": 1.5,
	"rampMaterial": "MARBLE POLISHED",
	"rampRoughness": 1,
	"rampMetallic": 1,
	"rampFullBright": 1,
	"rampTint":
	{
		"x": 0.5,
		"y": 0.5,
		"z": 0.5
	},
	"rampTextureScale": 1.5,
	"overrideEnemyHeadColor": true,
	"overrideEnemyBodyColor": true,
	"setEnemyBodyColorAsAttackColor": false,
	"enemyColorRoughness": 0.25,
	"enemyColorMetallic": 0.25,
	"enemyColorFullBright": 1,
	"enemyHeadColor":
	{
		"x": 0.03310476616024971,
		"y": 0,
		"z": 0.057805430144071579
	},
	"enemyHeadColorOnHit":
	{
		"x": 1,
		"y": 1,
		"z": 1
	},
	"enemyHeadColorOnLookAt":
	{
		"x": 1,
		"y": 1,
		"z": 0
	},
	"enemyBodyColor":
	{
		"x": 0.03310476616024971,
		"y": 0,
		"z": 0.057805430144071579
	},
	"enemyBodyColorOnHit":
	{
		"x": 1,
		"y": 1,
		"z": 1
	},
	"enemyBodyColorOnLookAt":
	{
		"x": 1,
		"y": 1,
		"z": 0
	},
	"changeEnemyColorOnHit": false,
	"changeEnemyColorOnLookAt": false,
	"teamGlowUpHead": 1,
	"teamGlowUpBody": 1,
	"enemyGlowUpHead": 1,
	"enemyGlowUpBody": 1,
	"enemyGlowUpHeadOnHit": 1,
	"enemyGlowUpBodyOnHit": 1,
	"enemyGlowUpHeadOnLookAt": 1,
	"enemyGlowUpBodyOnLookAt": 1,
	"skyPresetId": 3,
	"cloudCoverId": 3,
	"solidSkyColor": false,
	"sunVisible": false,
	"skyColor":
	{
		"b": 150,
		"g": 188,
		"r": 188,
		"a": 255
	}
}