{
	"themeName": "DokkieConcrete",
	"wallMaterial": "CONCRETE TILES",
	"wallRoughness": 1,
	"wallMetallic": 0.85000002384185791,
	"wallFullBright": 1,
	"wallTint":
	{
		"x": 0.60382735729217529,
		"y": 0.60382735729217529,
		"z": 0.60382735729217529
	},
	"wallTextureScale": 1,
	"floorMaterial": "CONCRETE TILES",
	"floorRoughness": 1,
	"floorMetallic": 0.85000002384185791,
	"floorFullBright": 1,
	"floorTint":
	{
		"x": 0.4019777774810791,
		"y": 0.4019777774810791,
		"z": 0.4019777774810791
	},
	"floorTextureScale": 1,
	"ceilingMaterial": "CONCRETE TILES",
	"ceilingRoughness": 1,
	"ceilingMetallic": 0.85000002384185791,
	"ceilingFullBright": 1,
	"ceilingTint":
	{
		"x": 0.60382735729217529,
		"y": 0.60382735729217529,
		"z": 0.60382735729217529
	},
	"ceilingTextureScale": 1,
	"rampMaterial": "CONCRETE TILES",
	"rampRoughness": 1,
	"rampMetallic": 0.85000002384185791,
	"rampFullBright": 1,
	"rampTint":
	{
		"x": 0.60382735729217529,
		"y": 0.60382735729217529,
		"z": 0.60382735729217529
	},
	"rampTextureScale": 1,
	"overrideEnemyHeadColor": true,
	"overrideEnemyBodyColor": true,
	"setEnemyBodyColorAsAttackColor": false,
	"enemyColorRoughness": 0.75,
	"enemyColorMetallic": 0.5,
	"enemyColorFullBright": 0.5,
	"enemyHeadColor":
	{
		"x": 0.85499262809753418,
		"y": 0.85499262809753418,
		"z": 0.85499262809753418
	},
	"enemyHeadColorOnHit":
	{
		"x": 1,
		"y": 1,
		"z": 1
	},
	"enemyHeadColorOnLookAt":
	{
		"x": 1,
		"y": 1,
		"z": 0
	},
	"enemyBodyColor":
	{
		"x": 0.85499262809753418,
		"y": 0.85499262809753418,
		"z": 0.85499262809753418
	},
	"enemyBodyColorOnHit":
	{
		"x": 1,
		"y": 1,
		"z": 1
	},
	"enemyBodyColorOnLookAt":
	{
		"x": 1,
		"y": 1,
		"z": 0
	},
	"changeEnemyColorOnHit": false,
	"changeEnemyColorOnLookAt": false,
	"teamGlowUpHead": 1,
	"teamGlowUpBody": 1,
	"enemyGlowUpHead": 1,
	"enemyGlowUpBody": 1,
	"enemyGlowUpHeadOnHit": 1,
	"enemyGlowUpBodyOnHit": 1,
	"enemyGlowUpHeadOnLookAt": 1,
	"enemyGlowUpBodyOnLookAt": 1,
	"skyPresetId": 3,
	"cloudCoverId": 3,
	"solidSkyColor": false,
	"sunVisible": false,
	"skyColor":
	{
		"b": 154,
		"g": 197,
		"r": 224,
		"a": 255
	}
}