{
	"themeName": "Krabby Patys",
	"wallMaterial": "CONCRETE TILES",
	"wallRoughness": 0.80000001192092896,
	"wallMetallic": 0.57999998331069946,
	"wallFullBright": 0.34000000357627869,
	"wallTint":
	{
		"x": 1,
		"y": 1,
		"z": 1
	},
	"wallTextureScale": 1,
	"floorMaterial": "METAL SHEET",
	"floorRoughness": 0.87999999523162842,
	"floorMetallic": 0.89999997615814209,
	"floorFullBright": 1,
	"floorTint":
	{
		"x": 1,
		"y": 0.9301108717918396,
		"z": 1
	},
	"floorTextureScale": 1,
	"ceilingMaterial": "METAL SHEET",
	"ceilingRoughness": 0.87999999523162842,
	"ceilingMetallic": 0.89999997615814209,
	"ceilingFullBright": 1,
	"ceilingTint":
	{
		"x": 1,
		"y": 0.9301108717918396,
		"z": 1
	},
	"ceilingTextureScale": 1,
	"rampMaterial": "CONCRETE TILES",
	"rampRoughness": 0.80000001192092896,
	"rampMetallic": 0.57999998331069946,
	"rampFullBright": 0.34000000357627869,
	"rampTint":
	{
		"x": 1,
		"y": 1,
		"z": 1
	},
	"rampTextureScale": 1,
	"overrideEnemyHeadColor": true,
	"overrideEnemyBodyColor": true,
	"setEnemyBodyColorAsAttackColor": false,
	"enemyColorRoughness": 0.87999999523162842,
	"enemyColorMetallic": 0.68999999761581421,
	"enemyColorFullBright": 0.67000001668930054,
	"enemyHeadColor":
	{
		"x": 1,
		"y": 0.17100000381469727,
		"z": 0.17100000381469727
	},
	"enemyHeadColorOnHit":
	{
		"x": 1,
		"y": 1,
		"z": 1
	},
	"enemyHeadColorOnLookAt":
	{
		"x": 1,
		"y": 1,
		"z": 0
	},
	"enemyBodyColor":
	{
		"x": 0,
		"y": 0,
		"z": 0
	},
	"enemyBodyColorOnHit":
	{
		"x": 1,
		"y": 1,
		"z": 1
	},
	"enemyBodyColorOnLookAt":
	{
		"x": 1,
		"y": 1,
		"z": 0
	},
	"changeEnemyColorOnHit": false,
	"changeEnemyColorOnLookAt": false,
	"teamGlowUpHead": 1,
	"teamGlowUpBody": 1,
	"enemyGlowUpHead": 1,
	"enemyGlowUpBody": 1,
	"enemyGlowUpHeadOnHit": 1,
	"enemyGlowUpBodyOnHit": 1,
	"enemyGlowUpHeadOnLookAt": 1,
	"enemyGlowUpBodyOnLookAt": 1,
	"skyPresetId": 6,
	"cloudCoverId": 0,
	"solidSkyColor": false,
	"sunVisible": false,
	"skyColor":
	{
		"b": 157,
		"g": 157,
		"r": 157,
		"a": 255
	}
}