{
	"themeName": "peace and lemon track ",
	"wallMaterial": "MARBLE POLISHED",
	"wallRoughness": 1,
	"wallMetallic": 1,
	"wallFullBright": 1,
	"wallTint":
	{
		"x": 0.21223099529743195,
		"y": 0.21223099529743195,
		"z": 0.21223099529743195
	},
	"wallTextureScale": 1,
	"floorMaterial": "WOOD PLANK CLEAN",
	"floorRoughness": 1,
	"floorMetallic": 1,
	"floorFullBright": 1,
	"floorTint":
	{
		"x": 0.21223099529743195,
		"y": 0.21223099529743195,
		"z": 0.21223099529743195
	},
	"floorTextureScale": 1,
	"ceilingMaterial": "WOOD PLANK CLEAN",
	"ceilingRoughness": 1,
	"ceilingMetallic": 1,
	"ceilingFullBright": 1,
	"ceilingTint":
	{
		"x": 0.21223099529743195,
		"y": 0.21223099529743195,
		"z": 0.21223099529743195
	},
	"ceilingTextureScale": 1,
	"rampMaterial": "MARBLE POLISHED",
	"rampRoughness": 1,
	"rampMetallic": 1,
	"rampFullBright": 1,
	"rampTint":
	{
		"x": 0.21223099529743195,
		"y": 0.21223099529743195,
		"z": 0.21223099529743195
	},
	"rampTextureScale": 1,
	"overrideEnemyHeadColor": false,
	"overrideEnemyBodyColor": true,
	"setEnemyBodyColorAsAttackColor": false,
	"enemyColorRoughness": 0.70478725433349609,
	"enemyColorMetallic": 1,
	"enemyColorFullBright": 0.093085102736949921,
	"enemyHeadColor":
	{
		"x": 1,
		"y": 1,
		"z": 1
	},
	"enemyHeadColorOnHit":
	{
		"x": 1,
		"y": 1,
		"z": 1
	},
	"enemyHeadColorOnLookAt":
	{
		"x": 1,
		"y": 1,
		"z": 0
	},
	"enemyBodyColor":
	{
		"x": 1,
		"y": 1,
		"z": 0
	},
	"enemyBodyColorOnHit":
	{
		"x": 1,
		"y": 1,
		"z": 1
	},
	"enemyBodyColorOnLookAt":
	{
		"x": 1,
		"y": 1,
		"z": 0
	},
	"changeEnemyColorOnHit": false,
	"changeEnemyColorOnLookAt": false,
	"teamGlowUpHead": 1,
	"teamGlowUpBody": 1,
	"enemyGlowUpHead": 1,
	"enemyGlowUpBody": 1,
	"enemyGlowUpHeadOnHit": 1,
	"enemyGlowUpBodyOnHit": 1,
	"enemyGlowUpHeadOnLookAt": 1,
	"enemyGlowUpBodyOnLookAt": 1,
	"skyPresetId": 1,
	"cloudCoverId": 3,
	"solidSkyColor": false,
	"sunVisible": true,
	"skyColor":
	{
		"b": 230,
		"g": 210,
		"r": 150,
		"a": 255
	}
}