{
	"themeName": "RedConcrete",
	"wallMaterial": "CONCRETE TILES",
	"wallRoughness": 1,
	"wallMetallic": 1,
	"wallFullBright": 1,
	"wallTint":
	{
		"x": 0.51491767168045044,
		"y": 0.29613825678825378,
		"z": 0.32314321398735046
	},
	"wallTextureScale": 1,
	"floorMaterial": "BRICK GREY",
	"floorRoughness": 1,
	"floorMetallic": 1,
	"floorFullBright": 1,
	"floorTint":
	{
		"x": 0.7304607629776001,
		"y": 0.47932016849517822,
		"z": 0.56471151113510132
	},
	"floorTextureScale": 2,
	"ceilingMaterial": "BRICK GREY",
	"ceilingRoughness": 1,
	"ceilingMetallic": 1,
	"ceilingFullBright": 0.74681240320205688,
	"ceilingTint":
	{
		"x": 1,
		"y": 0.68668532371520996,
		"z": 0.84687322378158569
	},
	"ceilingTextureScale": 2,
	"rampMaterial": "BRICK GREY",
	"rampRoughness": 1,
	"rampMetallic": 1,
	"rampFullBright": 1,
	"rampTint":
	{
		"x": 1,
		"y": 0.66538727283477783,
		"z": 0.79910272359848022
	},
	"rampTextureScale": 2,
	"overrideEnemyHeadColor": true,
	"overrideEnemyBodyColor": true,
	"setEnemyBodyColorAsAttackColor": false,
	"enemyColorRoughness": 1,
	"enemyColorMetallic": 0,
	"enemyColorFullBright": 0.4025501012802124,
	"enemyHeadColor":
	{
		"x": 1,
		"y": 1,
		"z": 1
	},
	"enemyHeadColorOnHit":
	{
		"x": 1,
		"y": 1,
		"z": 1
	},
	"enemyHeadColorOnLookAt":
	{
		"x": 1,
		"y": 1,
		"z": 0
	},
	"enemyBodyColor":
	{
		"x": 1,
		"y": 1,
		"z": 1
	},
	"enemyBodyColorOnHit":
	{
		"x": 1,
		"y": 1,
		"z": 1
	},
	"enemyBodyColorOnLookAt":
	{
		"x": 1,
		"y": 1,
		"z": 0
	},
	"changeEnemyColorOnHit": false,
	"changeEnemyColorOnLookAt": false,
	"teamGlowUpHead": 1,
	"teamGlowUpBody": 1,
	"enemyGlowUpHead": 1,
	"enemyGlowUpBody": 1,
	"enemyGlowUpHeadOnHit": 1,
	"enemyGlowUpBodyOnHit": 1,
	"enemyGlowUpHeadOnLookAt": 1,
	"enemyGlowUpBodyOnLookAt": 1,
	"skyPresetId": 3,
	"cloudCoverId": 4,
	"solidSkyColor": false,
	"sunVisible": false,
	"skyColor":
	{
		"b": 109,
		"g": 143,
		"r": 255,
		"a": 255
	}
}