{
	"themeName": "rxConcrete",
	"wallMaterial": "CONCRETE POURED",
	"wallRoughness": 1,
	"wallMetallic": 0.50087261199951172,
	"wallFullBright": 0.80145716667175293,
	"wallTint":
	{
		"x": 0.32777810096740723,
		"y": 0.34191441535949707,
		"z": 0.3762621283531189
	},
	"wallTextureScale": 0.5,
	"floorMaterial": "BRICK CLAY BEVELED",
	"floorRoughness": 1,
	"floorMetallic": 0.80453753471374512,
	"floorFullBright": 0.80145716667175293,
	"floorTint":
	{
		"x": 0.75294220447540283,
		"y": 0.79129791259765625,
		"z": 0.87136709690093994
	},
	"floorTextureScale": 0.75,
	"ceilingMaterial": "PURE COLOR",
	"ceilingRoughness": 1,
	"ceilingMetallic": 1,
	"ceilingFullBright": 0.69999998807907104,
	"ceilingTint":
	{
		"x": 0.15592646598815918,
		"y": 0.15592646598815918,
		"z": 0.16202937066555023
	},
	"ceilingTextureScale": 1,
	"rampMaterial": "BRICK GREY",
	"rampRoughness": 1,
	"rampMetallic": 0.5,
	"rampFullBright": 1,
	"rampTint":
	{
		"x": 0.45078578591346741,
		"y": 0.44520118832588196,
		"z": 0.50288647413253784
	},
	"rampTextureScale": 2,
	"overrideEnemyHeadColor": true,
	"overrideEnemyBodyColor": true,
	"setEnemyBodyColorAsAttackColor": false,
	"enemyColorRoughness": 1,
	"enemyColorMetallic": 0.2443280965089798,
	"enemyColorFullBright": 0.40437158942222595,
	"enemyHeadColor":
	{
		"x": 1,
		"y": 1,
		"z": 1
	},
	"enemyHeadColorOnHit":
	{
		"x": 1,
		"y": 1,
		"z": 1
	},
	"enemyHeadColorOnLookAt":
	{
		"x": 1,
		"y": 1,
		"z": 0
	},
	"enemyBodyColor":
	{
		"x": 1,
		"y": 1,
		"z": 1
	},
	"enemyBodyColorOnHit":
	{
		"x": 1,
		"y": 1,
		"z": 1
	},
	"enemyBodyColorOnLookAt":
	{
		"x": 1,
		"y": 1,
		"z": 0
	},
	"changeEnemyColorOnHit": false,
	"changeEnemyColorOnLookAt": false,
	"teamGlowUpHead": 1,
	"teamGlowUpBody": 1,
	"enemyGlowUpHead": 1,
	"enemyGlowUpBody": 1,
	"enemyGlowUpHeadOnHit": 1,
	"enemyGlowUpBodyOnHit": 1,
	"enemyGlowUpHeadOnLookAt": 1,
	"enemyGlowUpBodyOnLookAt": 1,
	"skyPresetId": 6,
	"cloudCoverId": 0,
	"solidSkyColor": false,
	"sunVisible": false,
	"skyColor":
	{
		"b": 149,
		"g": 155,
		"r": 178,
		"a": 255
	}
}