{
	"themeName": "Scucchi-Dokkie",
	"wallMaterial": "WHITE WOOD BOARD",
	"wallRoughness": 1,
	"wallMetallic": 1,
	"wallFullBright": 0.75,
	"wallTint":
	{
		"x": 0.26225066184997559,
		"y": 0.24228112399578094,
		"z": 0.24228112399578094
	},
	"wallTextureScale": 2,
	"floorMaterial": "GREY WOOD BOARD",
	"floorRoughness": 1,
	"floorMetallic": 1,
	"floorFullBright": 0.75,
	"floorTint":
	{
		"x": 0.79129791259765625,
		"y": 0.75294220447540283,
		"z": 0.67954248189926147
	},
	"floorTextureScale": 1,
	"ceilingMaterial": "WHITE WOOD BOARD",
	"ceilingRoughness": 1,
	"ceilingMetallic": 1,
	"ceilingFullBright": 0.75,
	"ceilingTint":
	{
		"x": 0.22322796285152435,
		"y": 0.20507873594760895,
		"z": 0.20507873594760895
	},
	"ceilingTextureScale": 1.5,
	"rampMaterial": "WHITE WOOD BOARD",
	"rampRoughness": 1,
	"rampMetallic": 1,
	"rampFullBright": 0.75,
	"rampTint":
	{
		"x": 0.22322796285152435,
		"y": 0.20507873594760895,
		"z": 0.20507873594760895
	},
	"rampTextureScale": 1.5,
	"overrideEnemyHeadColor": true,
	"overrideEnemyBodyColor": true,
	"setEnemyBodyColorAsAttackColor": false,
	"enemyColorRoughness": 1,
	"enemyColorMetallic": 1,
	"enemyColorFullBright": 1,
	"enemyHeadColor":
	{
		"x": 1,
		"y": 1,
		"z": 0
	},
	"enemyHeadColorOnHit":
	{
		"x": 1,
		"y": 1,
		"z": 1
	},
	"enemyHeadColorOnLookAt":
	{
		"x": 1,
		"y": 1,
		"z": 0
	},
	"enemyBodyColor":
	{
		"x": 1,
		"y": 1,
		"z": 0.010960093699395657
	},
	"enemyBodyColorOnHit":
	{
		"x": 1,
		"y": 1,
		"z": 1
	},
	"enemyBodyColorOnLookAt":
	{
		"x": 1,
		"y": 1,
		"z": 0
	},
	"changeEnemyColorOnHit": false,
	"changeEnemyColorOnLookAt": false,
	"teamGlowUpHead": 1,
	"teamGlowUpBody": 1,
	"enemyGlowUpHead": 1,
	"enemyGlowUpBody": 1,
	"enemyGlowUpHeadOnHit": 1,
	"enemyGlowUpBodyOnHit": 1,
	"enemyGlowUpHeadOnLookAt": 1,
	"enemyGlowUpBodyOnLookAt": 1,
	"skyPresetId": 3,
	"cloudCoverId": 4,
	"solidSkyColor": false,
	"sunVisible": false,
	"skyColor":
	{
		"b": 114,
		"g": 170,
		"r": 255,
		"a": 255
	}
}