{
	"themeName": "Search Aim 1",
	"wallMaterial": "MARBLE POLISHED",
	"wallRoughness": 1,
	"wallMetallic": 0,
	"wallFullBright": 1,
	"wallTint":
	{
		"x": 0.14126329123973846,
		"y": 0.14126329123973846,
		"z": 0.14126329123973846
	},
	"wallTextureScale": 1,
	"floorMaterial": "GREY WOOD BOARD",
	"floorRoughness": 0.80000001192092896,
	"floorMetallic": 0.5,
	"floorFullBright": 0,
	"floorTint":
	{
		"x": 0.18116424977779388,
		"y": 0.19120168685913086,
		"z": 0.18116424977779388
	},
	"floorTextureScale": 1,
	"ceilingMaterial": "GREY WOOD BOARD",
	"ceilingRoughness": 1,
	"ceilingMetallic": 0,
	"ceilingFullBright": 1,
	"ceilingTint":
	{
		"x": 0.45078578591346741,
		"y": 0.45078578591346741,
		"z": 0.41254261136054993
	},
	"ceilingTextureScale": 1,
	"rampMaterial": "MARBLE POLISHED",
	"rampRoughness": 1,
	"rampMetallic": 0,
	"rampFullBright": 1,
	"rampTint":
	{
		"x": 0.14126329123973846,
		"y": 0.14126329123973846,
		"z": 0.14126329123973846
	},
	"rampTextureScale": 1,
	"overrideEnemyHeadColor": true,
	"overrideEnemyBodyColor": true,
	"setEnemyBodyColorAsAttackColor": false,
	"enemyColorRoughness": 1,
	"enemyColorMetallic": 0,
	"enemyColorFullBright": 1,
	"enemyHeadColor":
	{
		"x": 1,
		"y": 1,
		"z": 1
	},
	"enemyHeadColorOnHit":
	{
		"x": 1,
		"y": 1,
		"z": 1
	},
	"enemyHeadColorOnLookAt":
	{
		"x": 1,
		"y": 1,
		"z": 0
	},
	"enemyBodyColor":
	{
		"x": 1,
		"y": 1,
		"z": 1
	},
	"enemyBodyColorOnHit":
	{
		"x": 1,
		"y": 1,
		"z": 1
	},
	"enemyBodyColorOnLookAt":
	{
		"x": 1,
		"y": 1,
		"z": 0
	},
	"changeEnemyColorOnHit": false,
	"changeEnemyColorOnLookAt": false,
	"teamGlowUpHead": 1,
	"teamGlowUpBody": 1,
	"enemyGlowUpHead": 1,
	"enemyGlowUpBody": 1,
	"enemyGlowUpHeadOnHit": 1,
	"enemyGlowUpBodyOnHit": 1,
	"enemyGlowUpHeadOnLookAt": 1,
	"enemyGlowUpBodyOnLookAt": 1,
	"skyPresetId": 4,
	"cloudCoverId": 1,
	"solidSkyColor": false,
	"sunVisible": false,
	"skyColor":
	{
		"b": 255,
		"g": 245,
		"r": 200,
		"a": 255
	}
}