{
	"themeName": "Sestroyed",
	"wallMaterial": "BRICK CLAY BEVELED",
	"wallRoughness": 1,
	"wallMetallic": 0,
	"wallFullBright": 0.5,
	"wallTint":
	{
		"x": 0.34191441535949707,
		"y": 0.34191441535949707,
		"z": 0.29613825678825378
	},
	"wallTextureScale": 1,
	"floorMaterial": "BRICK CLAY BEVELED",
	"floorRoughness": 1,
	"floorMetallic": 0.82999998331069946,
	"floorFullBright": 0.30000001192092896,
	"floorTint":
	{
		"x": 0.27467730641365051,
		"y": 0.28744083642959595,
		"z": 0.28744083642959595
	},
	"floorTextureScale": 1,
	"ceilingMaterial": "BRICK CLAY BEVELED",
	"ceilingRoughness": 1,
	"ceilingMetallic": 1,
	"ceilingFullBright": 1,
	"ceilingTint":
	{
		"x": 0.34670406579971313,
		"y": 0.35153260827064514,
		"z": 0.37123766541481018
	},
	"ceilingTextureScale": 1,
	"rampMaterial": "BRICK CLAY BEVELED",
	"rampRoughness": 1,
	"rampMetallic": 1,
	"rampFullBright": 1,
	"rampTint":
	{
		"x": 0.36130678653717041,
		"y": 0.366252601146698,
		"z": 0.366252601146698
	},
	"rampTextureScale": 1,
	"overrideEnemyHeadColor": true,
	"overrideEnemyBodyColor": true,
	"setEnemyBodyColorAsAttackColor": false,
	"enemyColorRoughness": 0.82999998331069946,
	"enemyColorMetallic": 0.82999998331069946,
	"enemyColorFullBright": 1,
	"enemyHeadColor":
	{
		"x": 0.76815116405487061,
		"y": 1,
		"z": 0
	},
	"enemyHeadColorOnHit":
	{
		"x": 1,
		"y": 1,
		"z": 1
	},
	"enemyHeadColorOnLookAt":
	{
		"x": 1,
		"y": 1,
		"z": 0
	},
	"enemyBodyColor":
	{
		"x": 0.67244315147399902,
		"y": 0.7758222222328186,
		"z": 0.010960093699395657
	},
	"enemyBodyColorOnHit":
	{
		"x": 1,
		"y": 1,
		"z": 1
	},
	"enemyBodyColorOnLookAt":
	{
		"x": 1,
		"y": 1,
		"z": 0
	},
	"changeEnemyColorOnHit": false,
	"changeEnemyColorOnLookAt": false,
	"teamGlowUpHead": 1,
	"teamGlowUpBody": 1,
	"enemyGlowUpHead": 1,
	"enemyGlowUpBody": 1,
	"enemyGlowUpHeadOnHit": 1,
	"enemyGlowUpBodyOnHit": 1,
	"enemyGlowUpHeadOnLookAt": 1,
	"enemyGlowUpBodyOnLookAt": 1,
	"skyPresetId": 1,
	"cloudCoverId": 0,
	"solidSkyColor": false,
	"sunVisible": true,
	"skyColor":
	{
		"b": 147,
		"g": 106,
		"r": 0,
		"a": 255
	}
}