{
	"themeName": "snowi-dokkie",
	"wallMaterial": "GRID 8",
	"wallRoughness": 0.6600000262260437,
	"wallMetallic": 0.33000001311302185,
	"wallFullBright": 0.33000001311302185,
	"wallTint":
	{
		"x": 0.12743768095970154,
		"y": 0.12743768095970154,
		"z": 0.12743768095970154
	},
	"wallTextureScale": 2,
	"floorMaterial": "BRICK GREY",
	"floorRoughness": 1,
	"floorMetallic": 0.75,
	"floorFullBright": 0.5,
	"floorTint":
	{
		"x": 0.32777810096740723,
		"y": 0.366252601146698,
		"z": 0.4969329833984375
	},
	"floorTextureScale": 2,
	"ceilingMaterial": "BRICK GREY",
	"ceilingRoughness": 1,
	"ceilingMetallic": 1,
	"ceilingFullBright": 1,
	"ceilingTint":
	{
		"x": 0.62396037578582764,
		"y": 0.68668532371520996,
		"z": 0.86315721273422241
	},
	"ceilingTextureScale": 1,
	"rampMaterial": "BRICK GREY",
	"rampRoughness": 1,
	"rampMetallic": 0.75,
	"rampFullBright": 0.5,
	"rampTint":
	{
		"x": 0.32777810096740723,
		"y": 0.366252601146698,
		"z": 0.4969329833984375
	},
	"rampTextureScale": 2,
	"overrideEnemyHeadColor": false,
	"overrideEnemyBodyColor": true,
	"setEnemyBodyColorAsAttackColor": false,
	"enemyColorRoughness": 0.25,
	"enemyColorMetallic": 0.25,
	"enemyColorFullBright": 0.5,
	"enemyHeadColor":
	{
		"x": 1,
		"y": 1,
		"z": 1
	},
	"enemyHeadColorOnHit":
	{
		"x": 1,
		"y": 1,
		"z": 1
	},
	"enemyHeadColorOnLookAt":
	{
		"x": 0,
		"y": 0,
		"z": 0
	},
	"enemyBodyColor":
	{
		"x": 0.57758045196533203,
		"y": 0.30498731136322021,
		"z": 0.51491767168045044
	},
	"enemyBodyColorOnHit":
	{
		"x": 1,
		"y": 1,
		"z": 1
	},
	"enemyBodyColorOnLookAt":
	{
		"x": 0,
		"y": 0,
		"z": 0
	},
	"changeEnemyColorOnHit": false,
	"changeEnemyColorOnLookAt": false,
	"teamGlowUpHead": 0,
	"teamGlowUpBody": 0,
	"enemyGlowUpHead": 0,
	"enemyGlowUpBody": 1,
	"enemyGlowUpHeadOnHit": 0,
	"enemyGlowUpBodyOnHit": 0,
	"enemyGlowUpHeadOnLookAt": 0,
	"enemyGlowUpBodyOnLookAt": 0,
	"skyPresetId": 6,
	"cloudCoverId": 0,
	"solidSkyColor": false,
	"sunVisible": false,
	"skyColor":
	{
		"b": 120,
		"g": 111,
		"r": 126,
		"a": 255
	}
}