{
	"themeName": "SnowiPinkblu-Dokkie",
	"wallMaterial": "GREY WOOD BOARD",
	"wallRoughness": 0.75,
	"wallMetallic": 0.75,
	"wallFullBright": 0.5,
	"wallTint":
	{
		"x": 0.66538727283477783,
		"y": 0.66538727283477783,
		"z": 0.83076989650726318
	},
	"wallTextureScale": 1,
	"floorMaterial": "MARBLE POLISHED",
	"floorRoughness": 1,
	"floorMetallic": 1,
	"floorFullBright": 1,
	"floorTint":
	{
		"x": 0.1778884083032608,
		"y": 0.18447498977184296,
		"z": 0.28314873576164246
	},
	"floorTextureScale": 1,
	"ceilingMaterial": "MARBLE POLISHED",
	"ceilingRoughness": 1,
	"ceilingMetallic": 1,
	"ceilingFullBright": 1,
	"ceilingTint":
	{
		"x": 0.19461782276630402,
		"y": 0.2015562504529953,
		"z": 0.30946892499923706
	},
	"ceilingTextureScale": 1,
	"rampMaterial": "MARBLE POLISHED",
	"rampRoughness": 1,
	"rampMetallic": 1,
	"rampFullBright": 1,
	"rampTint":
	{
		"x": 0.19461782276630402,
		"y": 0.2015562504529953,
		"z": 0.30946892499923706
	},
	"rampTextureScale": 1,
	"overrideEnemyHeadColor": false,
	"overrideEnemyBodyColor": true,
	"setEnemyBodyColorAsAttackColor": false,
	"enemyColorRoughness": 0.69999998807907104,
	"enemyColorMetallic": 0,
	"enemyColorFullBright": 0.69999998807907104,
	"enemyHeadColor":
	{
		"x": 0.57758045196533203,
		"y": 0.30498731136322021,
		"z": 0.51491767168045044
	},
	"enemyHeadColorOnHit":
	{
		"x": 1,
		"y": 1,
		"z": 1
	},
	"enemyHeadColorOnLookAt":
	{
		"x": 1,
		"y": 1,
		"z": 0
	},
	"enemyBodyColor":
	{
		"x": 0.30054378509521484,
		"y": 0.13563333451747894,
		"z": 0.26225066184997559
	},
	"enemyBodyColorOnHit":
	{
		"x": 1,
		"y": 1,
		"z": 1
	},
	"enemyBodyColorOnLookAt":
	{
		"x": 1,
		"y": 1,
		"z": 0
	},
	"changeEnemyColorOnHit": false,
	"changeEnemyColorOnLookAt": false,
	"teamGlowUpHead": 1,
	"teamGlowUpBody": 1,
	"enemyGlowUpHead": 1,
	"enemyGlowUpBody": 3,
	"enemyGlowUpHeadOnHit": 1,
	"enemyGlowUpBodyOnHit": 1,
	"enemyGlowUpHeadOnLookAt": 1,
	"enemyGlowUpBodyOnLookAt": 1,
	"skyPresetId": 5,
	"cloudCoverId": 0,
	"solidSkyColor": false,
	"sunVisible": false,
	"skyColor":
	{
		"b": 133,
		"g": 131,
		"r": 255,
		"a": 255
	}
}