{
	"themeName": "Texture AIO Black",
	"wallMaterial": "CONCRETE TILES",
	"wallRoughness": 1,
	"wallMetallic": 0,
	"wallFullBright": 1,
	"wallTint":
	{
		"x": 0.76815116405487061,
		"y": 0.76815116405487061,
		"z": 0.76815116405487061
	},
	"wallTextureScale": 1,
	"floorMaterial": "BRICK CLAY NEW",
	"floorRoughness": 1,
	"floorMetallic": 0,
	"floorFullBright": 1,
	"floorTint":
	{
		"x": 1,
		"y": 1,
		"z": 1
	},
	"floorTextureScale": 1,
	"ceilingMaterial": "MARBLE POLISHED",
	"ceilingRoughness": 1,
	"ceilingMetallic": 1,
	"ceilingFullBright": 1,
	"ceilingTint":
	{
		"x": 0.47353148460388184,
		"y": 0.47353148460388184,
		"z": 0.5088813304901123
	},
	"ceilingTextureScale": 1,
	"rampMaterial": "PURE COLOR",
	"rampRoughness": 1,
	"rampMetallic": 0,
	"rampFullBright": 0.80000001192092896,
	"rampTint":
	{
		"x": 0.38132601976394653,
		"y": 0.38132601976394653,
		"z": 0.38132601976394653
	},
	"rampTextureScale": 1,
	"overrideEnemyHeadColor": true,
	"overrideEnemyBodyColor": true,
	"setEnemyBodyColorAsAttackColor": false,
	"enemyColorRoughness": 0,
	"enemyColorMetallic": 0,
	"enemyColorFullBright": 0,
	"enemyHeadColor":
	{
		"x": 0,
		"y": 0,
		"z": 0
	},
	"enemyHeadColorOnHit":
	{
		"x": 1,
		"y": 1,
		"z": 1
	},
	"enemyHeadColorOnLookAt":
	{
		"x": 1,
		"y": 1,
		"z": 0
	},
	"enemyBodyColor":
	{
		"x": 0,
		"y": 0,
		"z": 0
	},
	"enemyBodyColorOnHit":
	{
		"x": 1,
		"y": 1,
		"z": 1
	},
	"enemyBodyColorOnLookAt":
	{
		"x": 1,
		"y": 1,
		"z": 0
	},
	"changeEnemyColorOnHit": false,
	"changeEnemyColorOnLookAt": false,
	"teamGlowUpHead": 1,
	"teamGlowUpBody": 1,
	"enemyGlowUpHead": 1,
	"enemyGlowUpBody": 1,
	"enemyGlowUpHeadOnHit": 1,
	"enemyGlowUpBodyOnHit": 1,
	"enemyGlowUpHeadOnLookAt": 1,
	"enemyGlowUpBodyOnLookAt": 1,
	"skyPresetId": 3,
	"cloudCoverId": 1,
	"solidSkyColor": false,
	"sunVisible": true,
	"skyColor":
	{
		"b": 133,
		"g": 155,
		"r": 188,
		"a": 255
	}
}