{
	"themeName": "TS2",
	"wallMaterial": "CONCRETE TILES",
	"wallRoughness": 1,
	"wallMetallic": 1,
	"wallFullBright": 0,
	"wallTint":
	{
		"x": 0.16202899813652039,
		"y": 0.28744098544120789,
		"z": 0.51491802930831909
	},
	"floorMaterial": "CONCRETE TILES",
	"floorRoughness": 1,
	"floorMetallic": 1,
	"floorFullBright": 0,
	"floorTint":
	{
		"x": 0.16202899813652039,
		"y": 0.28744098544120789,
		"z": 0.51491802930831909
	},
	"overrideEnemyHeadColor": true,
	"overrideEnemyBodyColor": true,
	"setEnemyBodyColorAsAttackColor": false,
	"enemyColorRoughness": 0.62999999523162842,
	"enemyColorMetallic": 0,
	"enemyColorFullBright": 0.64999997615814209,
	"enemyHeadColor":
	{
		"x": 1,
		"y": 1,
		"z": 1
	},
	"enemyBodyColor":
	{
		"x": 1,
		"y": 1,
		"z": 1
	},
	"skyPresetId": 2,
	"cloudCoverId": 5,
	"solidSkyColor": false,
	"sunVisible": true,
	"skyColor":
	{
		"b": 147,
		"g": 106,
		"r": 0,
		"a": 255
	}
}